name,price,url,views_cnt,city,seller,seller_rating,comments_cnt
Этно украшения,150.0,https://www.avito.ru/mahachkala/chasy_i_ukrasheniya/etno_ukrasheniya_3770240092?slocation=637640&context=H4sIAAAAAAAA_wEmANn_YToxOntzOjE6IngiO3M6MTY6ImI0ZzJRZHBkYlVYdUYzVFciO32a_MFeJgAAAA,4439,Махачкала,ethno,,217
"Этно украшения (кольца, серьги и тд)",550.0,https://www.avito.ru/sibay/chasy_i_ukrasheniya/etno_ukrasheniya_koltsa_sergi_i_td_7240612840?slocation=637640&context=H4sIAAAAAAAA_wEmANn_YToxOntzOjE6IngiO3M6MTY6ImI0ZzJRZHBkYlVYdUYzVFciO32a_MFeJgAAAA,28,Сибай,Алия Искужина,,1
Этно Бижутерия,250.0,https://www.avito.ru/dagestan_kizlyar/odezhda_obuv_aksessuary/etno_bizhuteriya_4837928941?slocation=637640&context=H4sIAAAAAAAA_wEmANn_YToxOntzOjE6IngiO3M6MTY6ImI0ZzJRZHBkYlVYdUYzVFciO32a_MFeJgAAAA,14,Кизляр,Асият,,0
Этно украшения и кольцо с арабской надписью,200.0,https://www.avito.ru/magas/chasy_i_ukrasheniya/etno_ukrasheniya_i_koltso_s_arabskoy_nadpisyu_4697704462?slocation=637640&context=H4sIAAAAAAAA_wEmANn_YToxOntzOjE6IngiO3M6MTY6ImI0ZzJRZHBkYlVYdUYzVFciO32a_MFeJgAAAA,202,Магас,Хава Клематова,,2
Этно украшения на голову,50.0,https://www.avito.ru/mahachkala/chasy_i_ukrasheniya/etno_ukrasheniya_na_golovu_3700173719?slocation=637640&context=H4sIAAAAAAAA_wEmANn_YToxOntzOjE6IngiO3M6MTY6ImI0ZzJRZHBkYlVYdUYzVFciO32a_MFeJgAAAA,2725,Махачкала,SAFIYA,,50
Этно украшения кольца,110.0,https://www.avito.ru/mahachkala/chasy_i_ukrasheniya/etno_ukrasheniya_koltsa_3392370120?slocation=637640&context=H4sIAAAAAAAA_wEmANn_YToxOntzOjE6IngiO3M6MTY6ImI0ZzJRZHBkYlVYdUYzVFciO32a_MFeJgAAAA,9835,Махачкала,Халимат,,36
Украшения в этно стиле,268.0,https://www.avito.ru/moskva/chasy_i_ukrasheniya/ukrasheniya_v_etno_stile_7249486819?context=H4sIAAAAAAAA_wEmANn_YToxOntzOjE6IngiO3M6MTY6ImI0ZzJRZHBkYlVYdUYzVFciO32a_MFeJgAAAA,9,Москва,Мадина,,0
Национальные украшения,350.0,https://www.avito.ru/kazan/chasy_i_ukrasheniya/natsionalnye_ukrasheniya_4870187850?slocation=637640&context=H4sIAAAAAAAA_wEmANn_YToxOntzOjE6IngiO3M6MTY6ImI0ZzJRZHBkYlVYdUYzVFciO32a_MFeJgAAAA,470,Казань,Роза,,37
Этно украшения,500.0,https://www.avito.ru/moskva/chasy_i_ukrasheniya/etno_ukrasheniya_4581817643?context=H4sIAAAAAAAA_wEmANn_YToxOntzOjE6IngiO3M6MTY6ImI0ZzJRZHBkYlVYdUYzVFciO32a_MFeJgAAAA,1090,Москва,Товары из Кыргызстана,,9
Этно украшения,150.0,https://www.avito.ru/mahachkala/chasy_i_ukrasheniya/etno_ukrasheniya_3865938301?slocation=637640&context=H4sIAAAAAAAA_wEmANn_YToxOntzOjE6IngiO3M6MTY6ImI0ZzJRZHBkYlVYdUYzVFciO32a_MFeJgAAAA,357,Махачкала,ethno,,217
"Татарские украшения, брошки с орнаментом",600.0,https://www.avito.ru/ufa/chasy_i_ukrasheniya/tatarskie_ukrasheniya_broshki_s_ornamentom_7255721425?slocation=637640&context=H4sIAAAAAAAA_wEmANn_YToxOntzOjE6IngiO3M6MTY6ImI0ZzJRZHBkYlVYdUYzVFciO32a_MFeJgAAAA,13,Уфа,Alsu - аксессуары для девушек,,6
Этно украшение (национальное) на голову. Тика,495.0,https://www.avito.ru/sterlitamak/chasy_i_ukrasheniya/etno_ukrashenie_natsionalnoe_na_golovu._tika_3751415972?slocation=637640&context=H4sIAAAAAAAA_wEmANn_YToxOntzOjE6IngiO3M6MTY6ImI0ZzJRZHBkYlVYdUYzVFciO32a_MFeJgAAAA,2251,Стерлитамак,Надежда,,15
Украшения для волос этно,990.0,https://www.avito.ru/moskva/chasy_i_ukrasheniya/ukrasheniya_dlya_volos_etno_4502336464?context=H4sIAAAAAAAA_wEmANn_YToxOntzOjE6IngiO3M6MTY6ImI0ZzJRZHBkYlVYdUYzVFciO32a_MFeJgAAAA,310,Москва,ST_krossshop,,22
Казахские украшения,10.0,https://www.avito.ru/sol-iletsk/chasy_i_ukrasheniya/kazahskie_ukrasheniya_4654236019?slocation=637640&context=H4sIAAAAAAAA_wEmANn_YToxOntzOjE6IngiO3M6MTY6ImI0ZzJRZHBkYlVYdUYzVFciO32a_MFeJgAAAA,233,Соль-Илецк,Товары,,6
Украшения в этно стиле,1200.0,https://www.avito.ru/moskva/chasy_i_ukrasheniya/ukrasheniya_v_etno_stile_3681327888?context=H4sIAAAAAAAA_wEmANn_YToxOntzOjE6IngiO3M6MTY6ImI0ZzJRZHBkYlVYdUYzVFciO32a_MFeJgAAAA,2093,Москва,Евгения,,40
"Серебряное кольцо в этно-стиле ""Серебряная волна""",649.0,https://www.avito.ru/moskva/chasy_i_ukrasheniya/serebryanoe_koltso_v_etno-stile_serebryanaya_volna_4655076899?context=H4sIAAAAAAAA_wEmANn_YToxOntzOjE6IngiO3M6MTY6ImI0ZzJRZHBkYlVYdUYzVFciO32a_MFeJgAAAA,120,Москва,Amvia,,1
Кольца этно растения,250.0,https://www.avito.ru/moskva/chasy_i_ukrasheniya/koltsa_etno_rasteniya_4750371631?context=H4sIAAAAAAAA_wEmANn_YToxOntzOjE6IngiO3M6MTY6ImI0ZzJRZHBkYlVYdUYzVFciO32a_MFeJgAAAA,634,Москва,Elena,,156
Этно украшения,600.0,https://www.avito.ru/moskva/chasy_i_ukrasheniya/etno_ukrasheniya_3690469833?context=H4sIAAAAAAAA_wEmANn_YToxOntzOjE6IngiO3M6MTY6ImI0ZzJRZHBkYlVYdUYzVFciO32a_MFeJgAAAA,2591,Москва,Нелли,,18
Украшения из природного камня,700.0,https://www.avito.ru/moskva/chasy_i_ukrasheniya/ukrasheniya_iz_prirodnogo_kamnya_4787388151?context=H4sIAAAAAAAA_wEmANn_YToxOntzOjE6IngiO3M6MTY6ImI0ZzJRZHBkYlVYdUYzVFciO32a_MFeJgAAAA,860,Москва,Софья,,12
Украшение тика для волос этно,322.0,https://www.avito.ru/moskva/odezhda_obuv_aksessuary/ukrashenie_tika_dlya_volos_etno_4341097681?context=H4sIAAAAAAAA_wEmANn_YToxOntzOjE6IngiO3M6MTY6ImI0ZzJRZHBkYlVYdUYzVFciO32a_MFeJgAAAA,47,Москва,Анна,,11
"Этно-серьги, этно-украшения",460.0,https://www.avito.ru/ufa/chasy_i_ukrasheniya/etno-sergi_etno-ukrasheniya_4169287137?slocation=637640&context=H4sIAAAAAAAA_wEmANn_YToxOntzOjE6IngiO3M6MTY6ImI0ZzJRZHBkYlVYdUYzVFciO32a_MFeJgAAAA,1400,Уфа,Марфуга,,33
Этно украшения серьги,390.0,https://www.avito.ru/moskva/chasy_i_ukrasheniya/etno_ukrasheniya_sergi_4502447244?context=H4sIAAAAAAAA_wEmANn_YToxOntzOjE6IngiO3M6MTY6ImI0ZzJRZHBkYlVYdUYzVFciO32a_MFeJgAAAA,43,Москва,ST_krossshop,,22
Этно украшение на голову,1000.0,https://www.avito.ru/mahachkala/chasy_i_ukrasheniya/etno_ukrashenie_na_golovu_4135701554?slocation=637640&context=H4sIAAAAAAAA_wEmANn_YToxOntzOjE6IngiO3M6MTY6ImI0ZzJRZHBkYlVYdUYzVFciO32a_MFeJgAAAA,504,Махачкала,Патимат,,12
Украшения этно бохо,80.0,https://www.avito.ru/vyborg/chasy_i_ukrasheniya/ukrasheniya_etno_boho_4458507643?slocation=637640&context=H4sIAAAAAAAA_wEmANn_YToxOntzOjE6IngiO3M6MTY6ImI0ZzJRZHBkYlVYdUYzVFciO32a_MFeJgAAAA,103,Выборгский р-н,Фима,,60
"Серебряное кольцо в этно-стиле ""Традиция""",649.0,https://www.avito.ru/moskva/chasy_i_ukrasheniya/serebryanoe_koltso_v_etno-stile_traditsiya_4655137163?context=H4sIAAAAAAAA_wEmANn_YToxOntzOjE6IngiO3M6MTY6ImI0ZzJRZHBkYlVYdUYzVFciO32a_MFeJgAAAA,73,Москва,Amvia,,1
Этно украшения,680.0,https://www.avito.ru/mahachkala/chasy_i_ukrasheniya/etno_ukrasheniya_3866022727?slocation=637640&context=H4sIAAAAAAAA_wEmANn_YToxOntzOjE6IngiO3M6MTY6ImI0ZzJRZHBkYlVYdUYzVFciO32a_MFeJgAAAA,722,Махачкала,ethno,,217
Этно украшения,2500.0,https://www.avito.ru/moskva/chasy_i_ukrasheniya/etno_ukrasheniya_4635293728?context=H4sIAAAAAAAA_wEmANn_YToxOntzOjE6IngiO3M6MTY6ImI0ZzJRZHBkYlVYdUYzVFciO32a_MFeJgAAAA,828,Москва,Надежда Долгая,,16
Этно украшения ручной работы,400.0,https://www.avito.ru/izhevsk/chasy_i_ukrasheniya/etno_ukrasheniya_ruchnoy_raboty_4340564777?slocation=637640&context=H4sIAAAAAAAA_wEmANn_YToxOntzOjE6IngiO3M6MTY6ImI0ZzJRZHBkYlVYdUYzVFciO32a_MFeJgAAAA,229,Ижевск,Алина,,3
"Этно украшения для волос -шекелик, шашбау, заколки",1200.0,https://www.avito.ru/sankt-peterburg/chasy_i_ukrasheniya/etno_ukrasheniya_dlya_volos_-shekelik_shashbau_zakolki_4898213014?slocation=637640&context=H4sIAAAAAAAA_wEmANn_YToxOntzOjE6IngiO3M6MTY6ImI0ZzJRZHBkYlVYdUYzVFciO32a_MFeJgAAAA,687,Санкт-Петербург,Розалия Максутова,,9
Этно украшения,150.0,https://www.avito.ru/mahachkala/chasy_i_ukrasheniya/etno_ukrasheniya_4468207752?slocation=637640&context=H4sIAAAAAAAA_wEmANn_YToxOntzOjE6IngiO3M6MTY6ImI0ZzJRZHBkYlVYdUYzVFciO32a_MFeJgAAAA,1064,Махачкала,SAFIYA,,50
"Серебряное кольцо бижутерия в этно-стиле ""Геометри",649.0,https://www.avito.ru/moskva/chasy_i_ukrasheniya/serebryanoe_koltso_bizhuteriya_v_etno-stile_geometri_4655228494?context=H4sIAAAAAAAA_wEmANn_YToxOntzOjE6IngiO3M6MTY6ImI0ZzJRZHBkYlVYdUYzVFciO32a_MFeJgAAAA,50,Москва,Amvia,,1
Чолпы/чулпы/шолпы этно украшение для волос,320.0,https://www.avito.ru/pskov/odezhda_obuv_aksessuary/cholpychulpysholpy_etno_ukrashenie_dlya_volos_4455581414?slocation=637640&context=H4sIAAAAAAAA_wEmANn_YToxOntzOjE6IngiO3M6MTY6ImI0ZzJRZHBkYlVYdUYzVFciO32a_MFeJgAAAA,54,Псков,koshkinekusayut,,7
Украшения авторские в стиле бохо,1000.0,https://www.avito.ru/moskva/chasy_i_ukrasheniya/ukrasheniya_avtorskie_v_stile_boho_3294291803?context=H4sIAAAAAAAA_wEmANn_YToxOntzOjE6IngiO3M6MTY6ImI0ZzJRZHBkYlVYdUYzVFciO32a_MFeJgAAAA,576,Москва,A'Mara,,68
Этно украшения,150.0,https://www.avito.ru/mahachkala/chasy_i_ukrasheniya/etno_ukrasheniya_3539773894?slocation=637640&context=H4sIAAAAAAAA_wEmANn_YToxOntzOjE6IngiO3M6MTY6ImI0ZzJRZHBkYlVYdUYzVFciO32a_MFeJgAAAA,1670,Махачкала,SAFIYA,,50
"Украшения Бохо, этно, винтаж",200.0,https://www.avito.ru/moskva/chasy_i_ukrasheniya/ukrasheniya_boho_etno_vintazh_3817748189?context=H4sIAAAAAAAA_wEmANn_YToxOntzOjE6IngiO3M6MTY6ImI0ZzJRZHBkYlVYdUYzVFciO32a_MFeJgAAAA,406,Москва,Viktoria,,217
"Этно пояс, этно украшения",1900.0,https://www.avito.ru/buynaksk/chasy_i_ukrasheniya/etno_poyas_etno_ukrasheniya_3762033146?slocation=637640&context=H4sIAAAAAAAA_wEmANn_YToxOntzOjE6IngiO3M6MTY6ImI0ZzJRZHBkYlVYdUYzVFciO32a_MFeJgAAAA,1574,г.о. Буйнакск,Компания,,2
Этно украшения на голову,990.0,https://www.avito.ru/moskva/odezhda_obuv_aksessuary/etno_ukrasheniya_na_golovu_4502209943?context=H4sIAAAAAAAA_wEmANn_YToxOntzOjE6IngiO3M6MTY6ImI0ZzJRZHBkYlVYdUYzVFciO32a_MFeJgAAAA,30,Москва,ST_krossshop,,22
Авторские украшения ручной работы серьги этно,1250.0,https://www.avito.ru/moskva_zelenograd/chasy_i_ukrasheniya/avtorskie_ukrasheniya_ruchnoy_raboty_sergi_etno_4640057095?slocation=637640&context=H4sIAAAAAAAA_wEmANn_YToxOntzOjE6IngiO3M6MTY6ImI0ZzJRZHBkYlVYdUYzVFciO32a_MFeJgAAAA,16,Москва,ArtBijou Натальи Пахомовой,,4
Этно кольцо,10.0,https://www.avito.ru/ufa/odezhda_obuv_aksessuary/etno_koltso_3941741872?slocation=637640&context=H4sIAAAAAAAA_wEmANn_YToxOntzOjE6IngiO3M6MTY6ImI0ZzJRZHBkYlVYdUYzVFciO32a_MFeJgAAAA,1437,Уфа,Карина,,27
Ожерелье чокер этно стиль ручная работа,755.0,https://www.avito.ru/voronezh/chasy_i_ukrasheniya/ozherele_choker_etno_stil_ruchnaya_rabota_7242789358?slocation=637640&context=H4sIAAAAAAAA_wEmANn_YToxOntzOjE6IngiO3M6MTY6ImI0ZzJRZHBkYlVYdUYzVFciO32a_MFeJgAAAA,29,Воронеж,Екатерина,,35
Колье бижутерия этно украшения ожерелье монисто,600.0,https://www.avito.ru/moskva/chasy_i_ukrasheniya/kole_bizhuteriya_etno_ukrasheniya_ozherele_monisto_4502184372?context=H4sIAAAAAAAA_wEmANn_YToxOntzOjE6IngiO3M6MTY6ImI0ZzJRZHBkYlVYdUYzVFciO32a_MFeJgAAAA,100,Москва,ST_krossshop,,22
Этно украшения,249.0,https://www.avito.ru/derbent/chasy_i_ukrasheniya/etno_ukrasheniya_4677055146?slocation=637640&context=H4sIAAAAAAAA_wEmANn_YToxOntzOjE6IngiO3M6MTY6ImI0ZzJRZHBkYlVYdUYzVFciO32a_MFeJgAAAA,150,Дербент,Amina,,2
Украшения в стиле этно,700.0,https://www.avito.ru/mahachkala/chasy_i_ukrasheniya/ukrasheniya_v_stile_etno_4465377539?slocation=637640&context=H4sIAAAAAAAA_wEmANn_YToxOntzOjE6IngiO3M6MTY6ImI0ZzJRZHBkYlVYdUYzVFciO32a_MFeJgAAAA,284,Махачкала,Амина,,7
Серьги этно бохо посеребрение 5,380.0,https://www.avito.ru/moskva/chasy_i_ukrasheniya/sergi_etno_boho_poserebrenie_5_7245056280?context=H4sIAAAAAAAA_wEmANn_YToxOntzOjE6IngiO3M6MTY6ImI0ZzJRZHBkYlVYdUYzVFciO32a_MFeJgAAAA,86,Москва,Elena,,156
Этно украшения: набор перстней,150.0,https://www.avito.ru/petrozavodsk/chasy_i_ukrasheniya/etno_ukrasheniya_nabor_perstney_4259637892?slocation=637640&context=H4sIAAAAAAAA_wEmANn_YToxOntzOjE6IngiO3M6MTY6ImI0ZzJRZHBkYlVYdUYzVFciO32a_MFeJgAAAA,66,Петрозаводский г.о.,Ксения,,118
Этно украшения,100.0,https://www.avito.ru/mahachkala/chasy_i_ukrasheniya/etno_ukrasheniya_4031698460?slocation=637640&context=H4sIAAAAAAAA_wEmANn_YToxOntzOjE6IngiO3M6MTY6ImI0ZzJRZHBkYlVYdUYzVFciO32a_MFeJgAAAA,2169,Махачкала,Сайка,,4
Этно украшение,500.0,https://www.avito.ru/smolensk/chasy_i_ukrasheniya/etno_ukrashenie_4531298346?slocation=637640&context=H4sIAAAAAAAA_wEmANn_YToxOntzOjE6IngiO3M6MTY6ImI0ZzJRZHBkYlVYdUYzVFciO32a_MFeJgAAAA,90,Смоленск,жанна,,88
Этно кольцо,200.0,https://www.avito.ru/ufa/chasy_i_ukrasheniya/etno_koltso_3750331615?slocation=637640&context=H4sIAAAAAAAA_wEmANn_YToxOntzOjE6IngiO3M6MTY6ImI0ZzJRZHBkYlVYdUYzVFciO32a_MFeJgAAAA,1824,Уфа,Карина,,27
Этно-украшение браслет кольцо,950.0,https://www.avito.ru/levashi/chasy_i_ukrasheniya/etno-ukrashenie_braslet_koltso_4515116895?slocation=637640&context=H4sIAAAAAAAA_wEmANn_YToxOntzOjE6IngiO3M6MTY6IkhoSUZhTXhXUXNSY2pscWMiO31aKuogJgAAAA,68,Левашинский р-н,Nafisa,,5
Этно бижутерия,150.0,https://www.avito.ru/mahachkala/chasy_i_ukrasheniya/etno_bizhuteriya_3319662038?slocation=637640&context=H4sIAAAAAAAA_wEmANn_YToxOntzOjE6IngiO3M6MTY6IkhoSUZhTXhXUXNSY2pscWMiO31aKuogJgAAAA,3772,Махачкала,Safa-Shop,,1
Этно украшения кольца и браслеты,450.0,https://www.avito.ru/astrahan/chasy_i_ukrasheniya/etno_ukrasheniya_koltsa_i_braslety_2919817015?slocation=637640&context=H4sIAAAAAAAA_wEmANn_YToxOntzOjE6IngiO3M6MTY6IkhoSUZhTXhXUXNSY2pscWMiO31aKuogJgAAAA,4583,Астрахань,Зоя,,15
Украшения бусы этно бижутерия ручная работа,250.0,https://www.avito.ru/moskva/chasy_i_ukrasheniya/ukrasheniya_busy_etno_bizhuteriya_ruchnaya_rabota_2755804457?context=H4sIAAAAAAAA_wEmANn_YToxOntzOjE6IngiO3M6MTY6IkhoSUZhTXhXUXNSY2pscWMiO31aKuogJgAAAA,264,Москва,Виктория,,18
"Пришивные монетки, фурнитура этно-украшения",800.0,https://www.avito.ru/ufa/chasy_i_ukrasheniya/prishivnye_monetki_furnitura_etno-ukrasheniya_4584683474?slocation=637640&context=H4sIAAAAAAAA_wEmANn_YToxOntzOjE6IngiO3M6MTY6IkhoSUZhTXhXUXNSY2pscWMiO31aKuogJgAAAA,73,Уфа,Марфуга,,33
"Винтажные украшения в этно стиле,Индия,Дубаи",700.0,https://www.avito.ru/moskva/odezhda_obuv_aksessuary/vintazhnye_ukrasheniya_v_etno_stileindiyadubai_2844912447?context=H4sIAAAAAAAA_wEmANn_YToxOntzOjE6IngiO3M6MTY6IkhoSUZhTXhXUXNSY2pscWMiO31aKuogJgAAAA,2039,Москва,Елена,,86
"Браслеты, серьги, кольцо этно",580.0,https://www.avito.ru/bahchisaray/chasy_i_ukrasheniya/braslety_sergi_koltso_etno_2757154662?slocation=637640&context=H4sIAAAAAAAA_wEmANn_YToxOntzOjE6IngiO3M6MTY6IkhoSUZhTXhXUXNSY2pscWMiO31aKuogJgAAAA,585,Бахчисарайский р-н,Лариса,,1
Этно украшения,450.0,https://www.avito.ru/astrahan/chasy_i_ukrasheniya/etno_ukrasheniya_4167593301?slocation=637640&context=H4sIAAAAAAAA_wEmANn_YToxOntzOjE6IngiO3M6MTY6IkhoSUZhTXhXUXNSY2pscWMiO31aKuogJgAAAA,856,Астрахань,SZ,,1
Этно украшения,5000.0,https://www.avito.ru/nalchik/chasy_i_ukrasheniya/etno_ukrasheniya_4133893072?slocation=637640&context=H4sIAAAAAAAA_wEmANn_YToxOntzOjE6IngiO3M6MTY6IkhoSUZhTXhXUXNSY2pscWMiO31aKuogJgAAAA,143,Нальчик,Мирабель,,11
Этно серьги с заколкой,950.0,https://www.avito.ru/moskva/chasy_i_ukrasheniya/etno_sergi_s_zakolkoy_4556816624?context=H4sIAAAAAAAA_wEmANn_YToxOntzOjE6IngiO3M6MTY6IkhoSUZhTXhXUXNSY2pscWMiO31aKuogJgAAAA,31,Москва,Национальные пояса Нальчик Ethnopoyasa Nalchik,,0
Этно кольца,790.0,https://www.avito.ru/moskva/chasy_i_ukrasheniya/etno_koltsa_3735549443?context=H4sIAAAAAAAA_wEmANn_YToxOntzOjE6IngiO3M6MTY6IkhoSUZhTXhXUXNSY2pscWMiO31aKuogJgAAAA,1091,Москва,Динара,,72
"Бижутерия, разные украшения в этно бохо стиле",300.0,https://www.avito.ru/penza/chasy_i_ukrasheniya/bizhuteriya_raznye_ukrasheniya_v_etno_boho_stile_4437515708?slocation=637640&context=H4sIAAAAAAAA_wEmANn_YToxOntzOjE6IngiO3M6MTY6IkhoSUZhTXhXUXNSY2pscWMiO31aKuogJgAAAA,421,Пенза,ANNA,,9
Этно украшения,4000.0,https://www.avito.ru/mahachkala/chasy_i_ukrasheniya/etno_ukrasheniya_7208558767?slocation=637640&context=H4sIAAAAAAAA_wEmANn_YToxOntzOjE6IngiO3M6MTY6IkhoSUZhTXhXUXNSY2pscWMiO31aKuogJgAAAA,72,Махачкала,Аминат,,18
Серьги Подвеска кулон в этно бохо стиле и браслеты,591.0,https://www.avito.ru/moskva/chasy_i_ukrasheniya/sergi_podveska_kulon_v_etno_boho_stile_i_braslety_7243114268?context=H4sIAAAAAAAA_wEmANn_YToxOntzOjE6IngiO3M6MTY6IkhoSUZhTXhXUXNSY2pscWMiO31aKuogJgAAAA,51,Москва,Дольча Габбановна,,30
Комплект украшений бохо этно серьги и подвеска,585.0,https://www.avito.ru/moskva/chasy_i_ukrasheniya/komplekt_ukrasheniy_boho_etno_sergi_i_podveska_4180809861?context=H4sIAAAAAAAA_wEmANn_YToxOntzOjE6IngiO3M6MTY6IkhoSUZhTXhXUXNSY2pscWMiO31aKuogJgAAAA,1105,Москва,Товары Бохо шик,,1
Украшения в этно стиле/Мельхиор/Кораллы/СССР/3 ед,1800.0,https://www.avito.ru/ulan-ude/chasy_i_ukrasheniya/ukrasheniya_v_etno_stilemelhiorkorallysssr3_ed_4654947787?slocation=637640&context=H4sIAAAAAAAA_wEmANn_YToxOntzOjE6IngiO3M6MTY6IkhoSUZhTXhXUXNSY2pscWMiO31aKuogJgAAAA,433,Улан-Удэ,Виктория,,15
Украшение этно бохо из кожи,100.0,https://www.avito.ru/perm/chasy_i_ukrasheniya/ukrashenie_etno_boho_iz_kozhi_4826093560?slocation=637640&context=H4sIAAAAAAAA_wEmANn_YToxOntzOjE6IngiO3M6MTY6IkhoSUZhTXhXUXNSY2pscWMiO31aKuogJgAAAA,30,Пермь,Лана Дел Рэй,,12
Этно украшения,800.0,https://www.avito.ru/vladikavkaz/chasy_i_ukrasheniya/etno_ukrasheniya_4604551640?slocation=637640&context=H4sIAAAAAAAA_wEmANn_YToxOntzOjE6IngiO3M6MTY6IkhoSUZhTXhXUXNSY2pscWMiO31aKuogJgAAAA,142,пл. Свободы,Oksana,,5
Этнические украшения,550.0,https://www.avito.ru/ufa/chasy_i_ukrasheniya/etnicheskie_ukrasheniya_2109021847?slocation=637640&context=H4sIAAAAAAAA_wEmANn_YToxOntzOjE6IngiO3M6MTY6IkhoSUZhTXhXUXNSY2pscWMiO31aKuogJgAAAA,1030,Уфа,Илюза Кусярбаева,,12
Этно украшения бижутерия,1800.0,https://www.avito.ru/moskva/odezhda_obuv_aksessuary/etno_ukrasheniya_bizhuteriya_4499500693?context=H4sIAAAAAAAA_wEmANn_YToxOntzOjE6IngiO3M6MTY6IkhoSUZhTXhXUXNSY2pscWMiO31aKuogJgAAAA,200,Москва,Ирина,,27
Украшения в этно стиле,400.0,https://www.avito.ru/chaykovskiy/chasy_i_ukrasheniya/ukrasheniya_v_etno_stile_4784158298?slocation=637640&context=H4sIAAAAAAAA_wEmANn_YToxOntzOjE6IngiO3M6MTY6IkhoSUZhTXhXUXNSY2pscWMiO31aKuogJgAAAA,72,Чайковский г.о.,Milen,,3
Серьги. Этно украшения в казахском стиле,800.0,https://www.avito.ru/sankt-peterburg/chasy_i_ukrasheniya/sergi._etno_ukrasheniya_v_kazahskom_stile_4897650867?slocation=637640&context=H4sIAAAAAAAA_wEmANn_YToxOntzOjE6IngiO3M6MTY6IkhoSUZhTXhXUXNSY2pscWMiO31aKuogJgAAAA,727,Санкт-Петербург,Розалия Максутова,,9
Наборы. Этно украшения в казахском стиле,1300.0,https://www.avito.ru/sankt-peterburg/chasy_i_ukrasheniya/nabory._etno_ukrasheniya_v_kazahskom_stile_4898242591?slocation=637640&context=H4sIAAAAAAAA_wEmANn_YToxOntzOjE6IngiO3M6MTY6IkhoSUZhTXhXUXNSY2pscWMiO31aKuogJgAAAA,372,Санкт-Петербург,Розалия Максутова,,9
Этно Бижутерия,250.0,https://www.avito.ru/dagestan_kizlyar/odezhda_obuv_aksessuary/etno_bizhuteriya_4837928941?slocation=637640&context=H4sIAAAAAAAA_wEmANn_YToxOntzOjE6IngiO3M6MTY6IkhoSUZhTXhXUXNSY2pscWMiO31aKuogJgAAAA,14,Кизляр,Асият,,0
Украшения разные,1000.0,https://www.avito.ru/moskva/chasy_i_ukrasheniya/ukrasheniya_raznye_3878195652?context=H4sIAAAAAAAA_wEmANn_YToxOntzOjE6IngiO3M6MTY6IkhoSUZhTXhXUXNSY2pscWMiO31aKuogJgAAAA,415,Москва,Роза Майская,,132
Этно кольца и браслеты,500.0,https://www.avito.ru/derbent/odezhda_obuv_aksessuary/etno_koltsa_i_braslety_4297498885?slocation=637640&context=H4sIAAAAAAAA_wEmANn_YToxOntzOjE6IngiO3M6MTY6IkhoSUZhTXhXUXNSY2pscWMiO31aKuogJgAAAA,179,Дербент,Анжела,,0
Этно украшения,150.0,https://www.avito.ru/mahachkala/chasy_i_ukrasheniya/etno_ukrasheniya_3865938301?slocation=637640&context=H4sIAAAAAAAA_wEmANn_YToxOntzOjE6IngiO3M6MTY6IkhoSUZhTXhXUXNSY2pscWMiO31aKuogJgAAAA,357,Махачкала,ethno,,217
Украшение в бохо этно стиле (Индия),400.0,https://www.avito.ru/ekaterinburg/chasy_i_ukrasheniya/ukrashenie_v_boho_etno_stile_indiya_4691090891?slocation=637640&context=H4sIAAAAAAAA_wEmANn_YToxOntzOjE6IngiO3M6MTY6IkhoSUZhTXhXUXNSY2pscWMiO31aKuogJgAAAA,50,Екатеринбург,AV,,16
"Украшения Этно/ кулон, сумочка",1300.0,https://www.avito.ru/moskva/chasy_i_ukrasheniya/ukrasheniya_etno_kulon_sumochka_3518521996?context=H4sIAAAAAAAA_wEmANn_YToxOntzOjE6IngiO3M6MTY6IkhoSUZhTXhXUXNSY2pscWMiO31aKuogJgAAAA,249,Москва,Татьяна,,50
Украшения этника Афганистан лазурит новые,4500.0,https://www.avito.ru/borovsk/chasy_i_ukrasheniya/ukrasheniya_etnika_afganistan_lazurit_novye_4255540326?slocation=637640&context=H4sIAAAAAAAA_wEmANn_YToxOntzOjE6IngiO3M6MTY6IkhoSUZhTXhXUXNSY2pscWMiO31aKuogJgAAAA,834,Боровский р-н,восточная лавка,,17
Кулон украшение на шею Новый деревянный,500.0,https://www.avito.ru/moskva/chasy_i_ukrasheniya/kulon_ukrashenie_na_sheyu_novyy_derevyannyy_4945567698?context=H4sIAAAAAAAA_wEmANn_YToxOntzOjE6IngiO3M6MTY6IkhoSUZhTXhXUXNSY2pscWMiO31aKuogJgAAAA,90,Москва,Татьяна,,58
Бусы-колье из натурального агата. Этно-бохо стиль,2000.0,https://www.avito.ru/klin/chasy_i_ukrasheniya/busy-kole_iz_naturalnogo_agata._etno-boho_stil_7259865607?slocation=637640&context=H4sIAAAAAAAA_wEmANn_YToxOntzOjE6IngiO3M6MTY6IkhoSUZhTXhXUXNSY2pscWMiO31aKuogJgAAAA,53,Клин,EKo Style Bijou,,26
"Украшения в этно, бохо стиле",1100.0,https://www.avito.ru/sankt-peterburg_peterhof/chasy_i_ukrasheniya/ukrasheniya_v_etno_boho_stile_4413522673?slocation=637640&context=H4sIAAAAAAAA_wEmANn_YToxOntzOjE6IngiO3M6MTY6IkhoSUZhTXhXUXNSY2pscWMiO31aKuogJgAAAA,241,Санкт-Петербург,A'Mara,,68
Продам украшение на шею,1600.0,https://www.avito.ru/moskovskaya_oblast_rozhdestveno/chasy_i_ukrasheniya/prodam_ukrashenie_na_sheyu_3281785922?slocation=637640&context=H4sIAAAAAAAA_wEmANn_YToxOntzOjE6IngiO3M6MTY6IkhoSUZhTXhXUXNSY2pscWMiO31aKuogJgAAAA,114,г.о. Истра,Оксана И,,4
Этно украшения,150.0,https://www.avito.ru/mahachkala/chasy_i_ukrasheniya/etno_ukrasheniya_4468207752?slocation=637640&context=H4sIAAAAAAAA_wEmANn_YToxOntzOjE6IngiO3M6MTY6IkhoSUZhTXhXUXNSY2pscWMiO31aKuogJgAAAA,1064,Махачкала,SAFIYA,,50
Авторские украшения Серьги этно Африка,1750.0,https://www.avito.ru/moskva_zelenograd/chasy_i_ukrasheniya/avtorskie_ukrasheniya_sergi_etno_afrika_3488660178?slocation=637640&context=H4sIAAAAAAAA_wEmANn_YToxOntzOjE6IngiO3M6MTY6IkhoSUZhTXhXUXNSY2pscWMiO31aKuogJgAAAA,136,Москва,ArtBijou Натальи Пахомовой,,4
Этно бохо браслеты из метала (альпака) Тибет,300.0,https://www.avito.ru/tambov/chasy_i_ukrasheniya/etno_boho_braslety_iz_metala_alpaka_tibet_3854920135?slocation=637640&context=H4sIAAAAAAAA_wEmANn_YToxOntzOjE6IngiO3M6MTY6IkhoSUZhTXhXUXNSY2pscWMiO31aKuogJgAAAA,919,Тамбов,Александра Александровна,,21
Этно украшения,370.0,https://www.avito.ru/volgograd/chasy_i_ukrasheniya/etno_ukrasheniya_4858013938?slocation=637640&context=H4sIAAAAAAAA_wEmANn_YToxOntzOjE6IngiO3M6MTY6IkhoSUZhTXhXUXNSY2pscWMiO31aKuogJgAAAA,54,Волгоград,Елена Ткачева,,142
Этно украшения,350.0,https://www.avito.ru/mahachkala/chasy_i_ukrasheniya/etno_ukrasheniya_4428867518?slocation=637640&context=H4sIAAAAAAAA_wEmANn_YToxOntzOjE6IngiO3M6MTY6IkhoSUZhTXhXUXNSY2pscWMiO31aKuogJgAAAA,82,Махачкала,Patya,,5
"Этно серьги, брелки, подвески",1200.0,https://www.avito.ru/spokoynaya/chasy_i_ukrasheniya/etno_sergi_brelki_podveski_3802918621?slocation=637640&context=H4sIAAAAAAAA_wEmANn_YToxOntzOjE6IngiO3M6MTY6IkhoSUZhTXhXUXNSY2pscWMiO31aKuogJgAAAA,146,Отрадненский р-н,Елена Иванова,,24
"Золотое кольцо бижутерия в этно-стиле ""Ритм""",799.0,https://www.avito.ru/moskva/chasy_i_ukrasheniya/zolotoe_koltso_bizhuteriya_v_etno-stile_ritm_4687417621?context=H4sIAAAAAAAA_wEmANn_YToxOntzOjE6IngiO3M6MTY6IkhoSUZhTXhXUXNSY2pscWMiO31aKuogJgAAAA,19,Москва,Amvia,,1
"Золотое кольцо в этно-стиле ""Нить""",799.0,https://www.avito.ru/moskva/chasy_i_ukrasheniya/zolotoe_koltso_v_etno-stile_nit_4719393430?context=H4sIAAAAAAAA_wEmANn_YToxOntzOjE6IngiO3M6MTY6IkhoSUZhTXhXUXNSY2pscWMiO31aKuogJgAAAA,15,Москва,Amvia,,1
"Национальные украшения, Этно стиль",600.0,https://www.avito.ru/ufa/chasy_i_ukrasheniya/natsionalnye_ukrasheniya_etno_stil_3903679046?slocation=637640&context=H4sIAAAAAAAA_wEmANn_YToxOntzOjE6IngiO3M6MTY6IkhoSUZhTXhXUXNSY2pscWMiO31aKuogJgAAAA,92,Уфа,Garderob_ufa1,,13
Серьги этно-стиль индийские куклы,300.0,https://www.avito.ru/tyumen/chasy_i_ukrasheniya/sergi_etno-stil_indiyskie_kukly_7255860209?slocation=637640&context=H4sIAAAAAAAA_wEmANn_YToxOntzOjE6IngiO3M6MTY6IkhoSUZhTXhXUXNSY2pscWMiO31aKuogJgAAAA,17,Тюмень,Секретная полка,,10
Этно бижутерия,150.0,https://www.avito.ru/mahachkala/chasy_i_ukrasheniya/etno_bizhuteriya_2807250247?slocation=637640&context=H4sIAAAAAAAA_wEmANn_YToxOntzOjE6IngiO3M6MTY6IkhoSUZhTXhXUXNSY2pscWMiO31aKuogJgAAAA,20726,Махачкала,Safa-Shop,,1
"Украшения Бохо, этно, винтаж",200.0,https://www.avito.ru/moskva/chasy_i_ukrasheniya/ukrasheniya_boho_etno_vintazh_3817748189?context=H4sIAAAAAAAA_wEmANn_YToxOntzOjE6IngiO3M6MTY6IkhoSUZhTXhXUXNSY2pscWMiO31aKuogJgAAAA,406,Москва,Viktoria,,217
Украшения бижутерия + серебро пакетом с копилкой,1200.0,https://www.avito.ru/moskva/chasy_i_ukrasheniya/ukrasheniya_bizhuteriya_serebro_paketom_s_kopilkoy_7233976313?context=H4sIAAAAAAAA_wEmANn_YToxOntzOjE6IngiO3M6MTY6IkhoSUZhTXhXUXNSY2pscWMiO31aKuogJgAAAA,44,Москва,Галина,,29
"Серебряное кольцо в этно стиле ""Листопад""",649.0,https://www.avito.ru/moskva/chasy_i_ukrasheniya/serebryanoe_koltso_v_etno_stile_listopad_4654559523?context=H4sIAAAAAAAA_wEmANn_YToxOntzOjE6IngiO3M6MTY6IkhoSUZhTXhXUXNSY2pscWMiO31aKuogJgAAAA,18,Москва,Amvia,,1
Бусы-колье из натурального агата. Этно-бохо стиль,2000.0,https://www.avito.ru/klin/chasy_i_ukrasheniya/busy-kole_iz_naturalnogo_agata._etno-boho_stil_7259865607?slocation=637640&context=H4sIAAAAAAAA_wEmANn_YToxOntzOjE6IngiO3M6MTY6InhLdGRBQzcwOVp5bndkOGQiO32w1cZ8JgAAAA,53,Клин,EKo Style Bijou,,26
Этно украшения,4000.0,https://www.avito.ru/mahachkala/chasy_i_ukrasheniya/etno_ukrasheniya_7208558767?slocation=637640&context=H4sIAAAAAAAA_wEmANn_YToxOntzOjE6IngiO3M6MTY6InhLdGRBQzcwOVp5bndkOGQiO32w1cZ8JgAAAA,72,Махачкала,Аминат,,18
Украшения этника Афганистан лазурит новые,4500.0,https://www.avito.ru/borovsk/chasy_i_ukrasheniya/ukrasheniya_etnika_afganistan_lazurit_novye_4255540326?slocation=637640&context=H4sIAAAAAAAA_wEmANn_YToxOntzOjE6IngiO3M6MTY6InhLdGRBQzcwOVp5bndkOGQiO32w1cZ8JgAAAA,834,Боровский р-н,восточная лавка,,17
Браслет этно новый,220.0,https://www.avito.ru/ivanovo/odezhda_obuv_aksessuary/braslet_etno_novyy_4672521244?slocation=637640&context=H4sIAAAAAAAA_wEmANn_YToxOntzOjE6IngiO3M6MTY6InhLdGRBQzcwOVp5bndkOGQiO32w1cZ8JgAAAA,5,Иваново,Юлия,,29
Этно украшения,650.0,https://www.avito.ru/kazan/chasy_i_ukrasheniya/etno_ukrasheniya_3656454136?slocation=637640&context=H4sIAAAAAAAA_wEmANn_YToxOntzOjE6IngiO3M6MTY6InhLdGRBQzcwOVp5bndkOGQiO32w1cZ8JgAAAA,1101,Казань,Гузель,,6
"Серебряное кольцо в этно-стиле ""Связь""",649.0,https://www.avito.ru/moskva/chasy_i_ukrasheniya/serebryanoe_koltso_v_etno-stile_svyaz_4654774295?context=H4sIAAAAAAAA_wEmANn_YToxOntzOjE6IngiO3M6MTY6InhLdGRBQzcwOVp5bndkOGQiO32w1cZ8JgAAAA,24,Москва,Amvia,,1
Кольца этно,650.0,https://www.avito.ru/moskva/chasy_i_ukrasheniya/koltsa_etno_3365538976?context=H4sIAAAAAAAA_wEmANn_YToxOntzOjE6IngiO3M6MTY6InhLdGRBQzcwOVp5bndkOGQiO32w1cZ8JgAAAA,129,Москва,Ресейл,,6
Этно украшения,370.0,https://www.avito.ru/volgograd/chasy_i_ukrasheniya/etno_ukrasheniya_4858013938?slocation=637640&context=H4sIAAAAAAAA_wEmANn_YToxOntzOjE6IngiO3M6MTY6InhLdGRBQzcwOVp5bndkOGQiO32w1cZ8JgAAAA,54,Волгоград,Елена Ткачева,,142
"Гребни, кость, Этно. стиль Испания",600.0,https://www.avito.ru/moskva/odezhda_obuv_aksessuary/grebni_kost_etno._stil_ispaniya_4233418789?context=H4sIAAAAAAAA_wEmANn_YToxOntzOjE6IngiO3M6MTY6InhLdGRBQzcwOVp5bndkOGQiO32w1cZ8JgAAAA,334,Москва,Уильям,,28
"Этно серьги, брелки, подвески",1200.0,https://www.avito.ru/spokoynaya/chasy_i_ukrasheniya/etno_sergi_brelki_podveski_3802918621?slocation=637640&context=H4sIAAAAAAAA_wEmANn_YToxOntzOjE6IngiO3M6MTY6InhLdGRBQzcwOVp5bndkOGQiO32w1cZ8JgAAAA,146,Отрадненский р-н,Елена Иванова,,24
Авторские украшения Серьги этно Африка,1750.0,https://www.avito.ru/moskva_zelenograd/chasy_i_ukrasheniya/avtorskie_ukrasheniya_sergi_etno_afrika_3488660178?slocation=637640&context=H4sIAAAAAAAA_wEmANn_YToxOntzOjE6IngiO3M6MTY6InhLdGRBQzcwOVp5bndkOGQiO32w1cZ8JgAAAA,136,Москва,ArtBijou Натальи Пахомовой,,4
Этно украшения,150.0,https://www.avito.ru/mahachkala/chasy_i_ukrasheniya/etno_ukrasheniya_4468207752?slocation=637640&context=H4sIAAAAAAAA_wEmANn_YToxOntzOjE6IngiO3M6MTY6InhLdGRBQzcwOVp5bndkOGQiO32w1cZ8JgAAAA,1064,Махачкала,SAFIYA,,50
Серьги этно бохо,790.0,https://www.avito.ru/moskva/chasy_i_ukrasheniya/sergi_etno_boho_2932237499?context=H4sIAAAAAAAA_wEmANn_YToxOntzOjE6IngiO3M6MTY6InhLdGRBQzcwOVp5bndkOGQiO32w1cZ8JgAAAA,1948,Москва,Надежда,,1
"Национальные украшения, Этно стиль",600.0,https://www.avito.ru/ufa/chasy_i_ukrasheniya/natsionalnye_ukrasheniya_etno_stil_3903679046?slocation=637640&context=H4sIAAAAAAAA_wEmANn_YToxOntzOjE6IngiO3M6MTY6InhLdGRBQzcwOVp5bndkOGQiO32w1cZ8JgAAAA,92,Уфа,Garderob_ufa1,,13
Этнические украшения,600.0,https://www.avito.ru/moskva/chasy_i_ukrasheniya/etnicheskie_ukrasheniya_4506919789?context=H4sIAAAAAAAA_wEmANn_YToxOntzOjE6IngiO3M6MTY6InhLdGRBQzcwOVp5bndkOGQiO32w1cZ8JgAAAA,60,Москва,Viktorya,,3
"Этно украшение, слеиф, медь",2000.0,https://www.avito.ru/almetevsk/chasy_i_ukrasheniya/etno_ukrashenie_sleif_med_5004190732?slocation=637640&context=H4sIAAAAAAAA_wEmANn_YToxOntzOjE6IngiO3M6MTY6InhLdGRBQzcwOVp5bndkOGQiO32w1cZ8JgAAAA,38,Альметьевский р-н,Айгуль Цветочек,,0
Колье в этно стиле из натуральной кожи,950.0,https://www.avito.ru/moskva/odezhda_obuv_aksessuary/kole_v_etno_stile_iz_naturalnoy_kozhi_4745830014?context=H4sIAAAAAAAA_wEmANn_YToxOntzOjE6IngiO3M6MTY6InhLdGRBQzcwOVp5bndkOGQiO32w1cZ8JgAAAA,173,Москва,Сергей,,163
Этно украшения,1300.0,https://www.avito.ru/almetevsk/chasy_i_ukrasheniya/etno_ukrasheniya_4508983680?slocation=637640&context=H4sIAAAAAAAA_wEmANn_YToxOntzOjE6IngiO3M6MTY6InhLdGRBQzcwOVp5bndkOGQiO32w1cZ8JgAAAA,70,Альметьевский р-н,Настя Шайдуллина,,15
Набор украшений пакетом в этно/эко стиле,550.0,https://www.avito.ru/chelyabinsk/chasy_i_ukrasheniya/nabor_ukrasheniy_paketom_v_etnoeko_stile_4420655062?slocation=637640&context=H4sIAAAAAAAA_wEmANn_YToxOntzOjE6IngiO3M6MTY6InhLdGRBQzcwOVp5bndkOGQiO32w1cZ8JgAAAA,75,Челябинск,Диля,,33
"Сет колец, этно, бохо украшения, пакетом, набор",400.0,https://www.avito.ru/kostroma/chasy_i_ukrasheniya/set_kolets_etno_boho_ukrasheniya_paketom_nabor_4573532794?slocation=637640&context=H4sIAAAAAAAA_wEmANn_YToxOntzOjE6IngiO3M6MTY6InhLdGRBQzcwOVp5bndkOGQiO32w1cZ8JgAAAA,378,Кострома,Катерина К,,47
Этно украшения,500.0,https://www.avito.ru/vladimir/chasy_i_ukrasheniya/etno_ukrasheniya_3815371746?slocation=637640&context=H4sIAAAAAAAA_wEmANn_YToxOntzOjE6IngiO3M6MTY6InhLdGRBQzcwOVp5bndkOGQiO32w1cZ8JgAAAA,61,Владимир,Alexsander,,12
Этнические украшения. Прокат и продажа,400.0,https://www.avito.ru/kazan/chasy_i_ukrasheniya/etnicheskie_ukrasheniya._prokat_i_prodazha_4676672952?slocation=637640&context=H4sIAAAAAAAA_wEmANn_YToxOntzOjE6IngiO3M6MTY6InhLdGRBQzcwOVp5bndkOGQiO32w1cZ8JgAAAA,455,Казань,Руфина,,10
"Новое этно-украшение, дерево",380.0,https://www.avito.ru/sankt-peterburg/chasy_i_ukrasheniya/novoe_etno-ukrashenie_derevo_1975576083?slocation=637640&context=H4sIAAAAAAAA_wEmANn_YToxOntzOjE6IngiO3M6MTY6InhLdGRBQzcwOVp5bndkOGQiO32w1cZ8JgAAAA,397,Санкт-Петербург,Мария,,77
Этно бижутерия,150.0,https://www.avito.ru/mahachkala/chasy_i_ukrasheniya/etno_bizhuteriya_2807250247?slocation=637640&context=H4sIAAAAAAAA_wEmANn_YToxOntzOjE6IngiO3M6MTY6InhLdGRBQzcwOVp5bndkOGQiO32w1cZ8JgAAAA,20726,Махачкала,Safa-Shop,,1
Украшения ручной работы в стиле Этно из фетра,700.0,https://www.avito.ru/moskva/chasy_i_ukrasheniya/ukrasheniya_ruchnoy_raboty_v_stile_etno_iz_fetra_4246222381?context=H4sIAAAAAAAA_wEmANn_YToxOntzOjE6IngiO3M6MTY6InhLdGRBQzcwOVp5bndkOGQiO32w1cZ8JgAAAA,24,Москва,Чайка,,0
Деревянное украшение на кожаном шнурке,550.0,https://www.avito.ru/moskva/chasy_i_ukrasheniya/derevyannoe_ukrashenie_na_kozhanom_shnurke_5089514220?context=H4sIAAAAAAAA_wEmANn_YToxOntzOjE6IngiO3M6MTY6InhLdGRBQzcwOVp5bndkOGQiO32w1cZ8JgAAAA,88,Москва,Дарья,,104
Этно украшения,150.0,https://www.avito.ru/mahachkala/chasy_i_ukrasheniya/etno_ukrasheniya_3034287172?slocation=637640&context=H4sIAAAAAAAA_wEmANn_YToxOntzOjE6IngiO3M6MTY6InhLdGRBQzcwOVp5bndkOGQiO32w1cZ8JgAAAA,1137,Махачкала,ethno,,217
"Украшение этно, бохо",860.0,https://www.avito.ru/sergiev_posad/chasy_i_ukrasheniya/ukrashenie_etno_boho_4212553117?slocation=637640&context=H4sIAAAAAAAA_wEmANn_YToxOntzOjE6IngiO3M6MTY6InhLdGRBQzcwOVp5bndkOGQiO32w1cZ8JgAAAA,116,Сергиево-Посадский г.о.,Алена,,63
Кулон ожерелье украшение из ракушек Бохо Этно,913.0,https://www.avito.ru/moskva/chasy_i_ukrasheniya/kulon_ozherele_ukrashenie_iz_rakushek_boho_etno_4556995461?context=H4sIAAAAAAAA_wEmANn_YToxOntzOjE6IngiO3M6MTY6InhLdGRBQzcwOVp5bndkOGQiO32w1cZ8JgAAAA,22,Москва,"Наталья, Михаил",,90
Украшение на голову,400.0,https://www.avito.ru/moskva/chasy_i_ukrasheniya/ukrashenie_na_golovu_3368134539?context=H4sIAAAAAAAA_wEmANn_YToxOntzOjE6IngiO3M6MTY6InhLdGRBQzcwOVp5bndkOGQiO32w1cZ8JgAAAA,53,Москва,Наби,,25
Этно украшения,400.0,https://www.avito.ru/ufa/chasy_i_ukrasheniya/etno_ukrasheniya_4487001906?slocation=637640&context=H4sIAAAAAAAA_wEmANn_YToxOntzOjE6IngiO3M6MTY6InhLdGRBQzcwOVp5bndkOGQiO32w1cZ8JgAAAA,178,Уфа,Эля,,13
Этно украшения,150.0,https://www.avito.ru/mahachkala/chasy_i_ukrasheniya/etno_ukrasheniya_3865938301?slocation=637640&context=H4sIAAAAAAAA_wEmANn_YToxOntzOjE6IngiO3M6MTY6InhLdGRBQzcwOVp5bndkOGQiO32w1cZ8JgAAAA,357,Махачкала,ethno,,217
Этнические кольца,500.0,https://www.avito.ru/sankt-peterburg/odezhda_obuv_aksessuary/etnicheskie_koltsa_4678946461?slocation=637640&context=H4sIAAAAAAAA_wEmANn_YToxOntzOjE6IngiO3M6MTY6InhLdGRBQzcwOVp5bndkOGQiO32w1cZ8JgAAAA,16,Санкт-Петербург,наталья,,188
"Серебряное кольцо в этно-стиле ""Танец плетений""",649.0,https://www.avito.ru/moskva/chasy_i_ukrasheniya/serebryanoe_koltso_v_etno-stile_tanets_pleteniy_4623248568?context=H4sIAAAAAAAA_wEmANn_YToxOntzOjE6IngiO3M6MTY6InhLdGRBQzcwOVp5bndkOGQiO32w1cZ8JgAAAA,31,Москва,Amvia,,1
"Украшения. Колье этно, Бусы",60.0,https://www.avito.ru/suhinichi/chasy_i_ukrasheniya/ukrasheniya._kole_etno_busy_2812496150?slocation=637640&context=H4sIAAAAAAAA_wEmANn_YToxOntzOjE6IngiO3M6MTY6InhLdGRBQzcwOVp5bndkOGQiO32w1cZ8JgAAAA,142,Сухиничский р-н,Светлана,,10
Женские украшения,1000.0,https://www.avito.ru/perm/chasy_i_ukrasheniya/zhenskie_ukrasheniya_3861392415?slocation=637640&context=H4sIAAAAAAAA_wEmANn_YToxOntzOjE6IngiO3M6MTY6InhLdGRBQzcwOVp5bndkOGQiO32w1cZ8JgAAAA,187,Пермь,Анастасия,,18
Украшения ручной работы,1182.0,https://www.avito.ru/izhevsk/chasy_i_ukrasheniya/ukrasheniya_ruchnoy_raboty_7197470465?slocation=637640&context=H4sIAAAAAAAA_wEmANn_YToxOntzOjE6IngiO3M6MTY6InhLdGRBQzcwOVp5bndkOGQiO32w1cZ8JgAAAA,25,Ижевск,Лилия,,4
Бужутерия этно,100.0,https://www.avito.ru/mahachkala/chasy_i_ukrasheniya/buzhuteriya_etno_3415354962?slocation=637640&context=H4sIAAAAAAAA_wEmANn_YToxOntzOjE6IngiO3M6MTY6InhLdGRBQzcwOVp5bndkOGQiO32w1cZ8JgAAAA,2946,Махачкала,Safa-Shop,,1
Кольца перстни бохо этно реконструкция,1000.0,https://www.avito.ru/sankt-peterburg/chasy_i_ukrasheniya/koltsa_perstni_boho_etno_rekonstruktsiya_4319850452?slocation=637640&context=H4sIAAAAAAAA_wEmANn_YToxOntzOjE6IngiO3M6MTY6InhLdGRBQzcwOVp5bndkOGQiO32w1cZ8JgAAAA,217,Санкт-Петербург,Марьям,,138
Готическое Украшение Бохо Этно Готика чокер,2500.0,https://www.avito.ru/chernogolovka/chasy_i_ukrasheniya/goticheskoe_ukrashenie_boho_etno_gotika_choker_4083854340?slocation=637640&context=H4sIAAAAAAAA_wEmANn_YToxOntzOjE6IngiO3M6MTY6InhLdGRBQzcwOVp5bndkOGQiO32w1cZ8JgAAAA,1231,Черноголовка,FrozenDrop - VelvetCrow,,82
Этно украшения,2000.0,https://www.avito.ru/mahachkala/chasy_i_ukrasheniya/etno_ukrasheniya_4298891535?slocation=637640&context=H4sIAAAAAAAA_wEmANn_YToxOntzOjE6IngiO3M6MTY6InhLdGRBQzcwOVp5bndkOGQiO32w1cZ8JgAAAA,242,Махачкала,Bainat,,7
Этно украшения,550.0,https://www.avito.ru/mahachkala/odezhda_obuv_aksessuary/etno_ukrasheniya_4750210707?slocation=637640&context=H4sIAAAAAAAA_wEmANn_YToxOntzOjE6IngiO3M6MTY6InhLdGRBQzcwOVp5bndkOGQiO32w1cZ8JgAAAA,15,Махачкала,Патя,,1
Комплект украшений натуральный перламутр,1250.0,https://www.avito.ru/moskva/chasy_i_ukrasheniya/komplekt_ukrasheniy_naturalnyy_perlamutr_3735887888?context=H4sIAAAAAAAA_wEmANn_YToxOntzOjE6IngiO3M6MTY6InhLdGRBQzcwOVp5bndkOGQiO32w1cZ8JgAAAA,53,Москва,Ольга,,476
"Пояса стиль бохо,этно,хиппи",600.0,https://www.avito.ru/kazan/odezhda_obuv_aksessuary/poyasa_stil_bohoetnohippi_7249348846?slocation=637640&context=H4sIAAAAAAAA_wEmANn_YToxOntzOjE6IngiO3M6MTY6InhLdGRBQzcwOVp5bndkOGQiO32w1cZ8JgAAAA,3,Казань,Маргарита,,12
Этно украшения колье ажурные перья гестия,999.0,https://www.avito.ru/moskva/chasy_i_ukrasheniya/etno_ukrasheniya_kole_azhurnye_perya_gestiya_3620086170?context=H4sIAAAAAAAA_wEmANn_YToxOntzOjE6IngiO3M6MTY6InhLdGRBQzcwOVp5bndkOGQiO32w1cZ8JgAAAA,768,Москва,Ясер,,39
Украшения в этно стиле,268.0,https://www.avito.ru/moskva/chasy_i_ukrasheniya/ukrasheniya_v_etno_stile_7249486819?context=H4sIAAAAAAAA_wEmANn_YToxOntzOjE6IngiO3M6MTY6InNzek9mVGR3YkpvQWpOS3EiO31jeHOkJgAAAA,10,Москва,Мадина,,0
"Новое этно-украшение, дерево",380.0,https://www.avito.ru/sankt-peterburg/chasy_i_ukrasheniya/novoe_etno-ukrashenie_derevo_1975576083?slocation=637640&context=H4sIAAAAAAAA_wEmANn_YToxOntzOjE6IngiO3M6MTY6InNzek9mVGR3YkpvQWpOS3EiO31jeHOkJgAAAA,397,Санкт-Петербург,Мария,,77
Этно украшения,500.0,https://www.avito.ru/moskva/chasy_i_ukrasheniya/etno_ukrasheniya_4581817643?context=H4sIAAAAAAAA_wEmANn_YToxOntzOjE6IngiO3M6MTY6InNzek9mVGR3YkpvQWpOS3EiO31jeHOkJgAAAA,1092,Москва,Товары из Кыргызстана,,9
Этно украшения и кольцо с арабской надписью,200.0,https://www.avito.ru/magas/chasy_i_ukrasheniya/etno_ukrasheniya_i_koltso_s_arabskoy_nadpisyu_4697704462?slocation=637640&context=H4sIAAAAAAAA_wEmANn_YToxOntzOjE6IngiO3M6MTY6InNzek9mVGR3YkpvQWpOS3EiO31jeHOkJgAAAA,202,Магас,Хава Клематова,,2
"Пояса стиль бохо,этно,хиппи",600.0,https://www.avito.ru/kazan/odezhda_obuv_aksessuary/poyasa_stil_bohoetnohippi_7249348846?slocation=637640&context=H4sIAAAAAAAA_wEmANn_YToxOntzOjE6IngiO3M6MTY6InNzek9mVGR3YkpvQWpOS3EiO31jeHOkJgAAAA,3,Казань,Маргарита,,12
"Золотое кольцо бижутерия в этно-стиле ""Ритм""",799.0,https://www.avito.ru/moskva/chasy_i_ukrasheniya/zolotoe_koltso_bizhuteriya_v_etno-stile_ritm_4687417621?context=H4sIAAAAAAAA_wEmANn_YToxOntzOjE6IngiO3M6MTY6InNzek9mVGR3YkpvQWpOS3EiO31jeHOkJgAAAA,20,Москва,Amvia,,1
Этно украшения кольца,110.0,https://www.avito.ru/mahachkala/chasy_i_ukrasheniya/etno_ukrasheniya_koltsa_3392370120?slocation=637640&context=H4sIAAAAAAAA_wEmANn_YToxOntzOjE6IngiO3M6MTY6InNzek9mVGR3YkpvQWpOS3EiO31jeHOkJgAAAA,9840,Махачкала,Халимат,,36
Национальные украшения,350.0,https://www.avito.ru/kazan/chasy_i_ukrasheniya/natsionalnye_ukrasheniya_4870187850?slocation=637640&context=H4sIAAAAAAAA_wEmANn_YToxOntzOjE6IngiO3M6MTY6InNzek9mVGR3YkpvQWpOS3EiO31jeHOkJgAAAA,473,Казань,Роза,,37
Этно украшения,550.0,https://www.avito.ru/mahachkala/odezhda_obuv_aksessuary/etno_ukrasheniya_4750210707?slocation=637640&context=H4sIAAAAAAAA_wEmANn_YToxOntzOjE6IngiO3M6MTY6InNzek9mVGR3YkpvQWpOS3EiO31jeHOkJgAAAA,15,Махачкала,Патя,,1
Казахские украшения,10.0,https://www.avito.ru/sol-iletsk/chasy_i_ukrasheniya/kazahskie_ukrasheniya_4654236019?slocation=637640&context=H4sIAAAAAAAA_wEmANn_YToxOntzOjE6IngiO3M6MTY6InNzek9mVGR3YkpvQWpOS3EiO31jeHOkJgAAAA,233,Соль-Илецк,Товары,,6
"Серебряное кольцо в этно-стиле ""Серебряная волна""",649.0,https://www.avito.ru/moskva/chasy_i_ukrasheniya/serebryanoe_koltso_v_etno-stile_serebryanaya_volna_4655076899?context=H4sIAAAAAAAA_wEmANn_YToxOntzOjE6IngiO3M6MTY6InNzek9mVGR3YkpvQWpOS3EiO31jeHOkJgAAAA,122,Москва,Amvia,,1
Украшения в этно стиле,1200.0,https://www.avito.ru/moskva/chasy_i_ukrasheniya/ukrasheniya_v_etno_stile_3681327888?context=H4sIAAAAAAAA_wEmANn_YToxOntzOjE6IngiO3M6MTY6InNzek9mVGR3YkpvQWpOS3EiO31jeHOkJgAAAA,2094,Москва,Евгения,,40
Украшения для волос этно,990.0,https://www.avito.ru/moskva/chasy_i_ukrasheniya/ukrasheniya_dlya_volos_etno_4502336464?context=H4sIAAAAAAAA_wEmANn_YToxOntzOjE6IngiO3M6MTY6InNzek9mVGR3YkpvQWpOS3EiO31jeHOkJgAAAA,311,Москва,ST_krossshop,,22
Кольца этно растения,250.0,https://www.avito.ru/moskva/chasy_i_ukrasheniya/koltsa_etno_rasteniya_4750371631?context=H4sIAAAAAAAA_wEmANn_YToxOntzOjE6IngiO3M6MTY6InNzek9mVGR3YkpvQWpOS3EiO31jeHOkJgAAAA,634,Москва,Elena,,156
"Серебряное кольцо в этно-стиле ""Традиция""",649.0,https://www.avito.ru/moskva/chasy_i_ukrasheniya/serebryanoe_koltso_v_etno-stile_traditsiya_4655137163?context=H4sIAAAAAAAA_wEmANn_YToxOntzOjE6IngiO3M6MTY6InNzek9mVGR3YkpvQWpOS3EiO31jeHOkJgAAAA,73,Москва,Amvia,,1
"Татарские украшения, брошки с орнаментом",600.0,https://www.avito.ru/ufa/chasy_i_ukrasheniya/tatarskie_ukrasheniya_broshki_s_ornamentom_7255721425?slocation=637640&context=H4sIAAAAAAAA_wEmANn_YToxOntzOjE6IngiO3M6MTY6InNzek9mVGR3YkpvQWpOS3EiO31jeHOkJgAAAA,13,Уфа,Alsu - аксессуары для девушек,,6
Этно украшения,2500.0,https://www.avito.ru/moskva/chasy_i_ukrasheniya/etno_ukrasheniya_4635293728?context=H4sIAAAAAAAA_wEmANn_YToxOntzOjE6IngiO3M6MTY6InNzek9mVGR3YkpvQWpOS3EiO31jeHOkJgAAAA,828,Москва,Надежда Долгая,,16
Этно украшения,50.0,https://www.avito.ru/kaspiysk/chasy_i_ukrasheniya/etno_ukrasheniya_4027191533?slocation=637640&context=H4sIAAAAAAAA_wEmANn_YToxOntzOjE6IngiO3M6MTY6InNzek9mVGR3YkpvQWpOS3EiO31jeHOkJgAAAA,2427,Каспийск,Мурад,,3
Украшения из природного камня,700.0,https://www.avito.ru/moskva/chasy_i_ukrasheniya/ukrasheniya_iz_prirodnogo_kamnya_4787388151?context=H4sIAAAAAAAA_wEmANn_YToxOntzOjE6IngiO3M6MTY6InNzek9mVGR3YkpvQWpOS3EiO31jeHOkJgAAAA,861,Москва,Софья,,12
Этно украшения серьги,390.0,https://www.avito.ru/moskva/chasy_i_ukrasheniya/etno_ukrasheniya_sergi_4502447244?context=H4sIAAAAAAAA_wEmANn_YToxOntzOjE6IngiO3M6MTY6InNzek9mVGR3YkpvQWpOS3EiO31jeHOkJgAAAA,43,Москва,ST_krossshop,,22
Этно украшения колье ажурные перья гестия,999.0,https://www.avito.ru/moskva/chasy_i_ukrasheniya/etno_ukrasheniya_kole_azhurnye_perya_gestiya_3620086170?context=H4sIAAAAAAAA_wEmANn_YToxOntzOjE6IngiO3M6MTY6InNzek9mVGR3YkpvQWpOS3EiO31jeHOkJgAAAA,768,Москва,Ясер,,39
Этно украшение (национальное) на голову. Тика,495.0,https://www.avito.ru/sterlitamak/chasy_i_ukrasheniya/etno_ukrashenie_natsionalnoe_na_golovu._tika_3751415972?slocation=637640&context=H4sIAAAAAAAA_wEmANn_YToxOntzOjE6IngiO3M6MTY6InNzek9mVGR3YkpvQWpOS3EiO31jeHOkJgAAAA,2256,Стерлитамак,Надежда,,15
Этно украшения,600.0,https://www.avito.ru/moskva/chasy_i_ukrasheniya/etno_ukrasheniya_3690469833?context=H4sIAAAAAAAA_wEmANn_YToxOntzOjE6IngiO3M6MTY6InNzek9mVGR3YkpvQWpOS3EiO31jeHOkJgAAAA,2592,Москва,Нелли,,18
Украшение тика для волос этно,322.0,https://www.avito.ru/moskva/odezhda_obuv_aksessuary/ukrashenie_tika_dlya_volos_etno_4341097681?context=H4sIAAAAAAAA_wEmANn_YToxOntzOjE6IngiO3M6MTY6InNzek9mVGR3YkpvQWpOS3EiO31jeHOkJgAAAA,47,Москва,Анна,,11
"Серебряное кольцо бижутерия в этно-стиле ""Геометри",649.0,https://www.avito.ru/moskva/chasy_i_ukrasheniya/serebryanoe_koltso_bizhuteriya_v_etno-stile_geometri_4655228494?context=H4sIAAAAAAAA_wEmANn_YToxOntzOjE6IngiO3M6MTY6InNzek9mVGR3YkpvQWpOS3EiO31jeHOkJgAAAA,50,Москва,Amvia,,1
Колье в этно стиле из натуральной кожи,950.0,https://www.avito.ru/moskva/odezhda_obuv_aksessuary/kole_v_etno_stile_iz_naturalnoy_kozhi_4745830014?context=H4sIAAAAAAAA_wEmANn_YToxOntzOjE6IngiO3M6MTY6InNzek9mVGR3YkpvQWpOS3EiO31jeHOkJgAAAA,173,Москва,Сергей,,164
Кулон ожерелье украшение из ракушек Бохо Этно,913.0,https://www.avito.ru/moskva/chasy_i_ukrasheniya/kulon_ozherele_ukrashenie_iz_rakushek_boho_etno_4556995461?context=H4sIAAAAAAAA_wEmANn_YToxOntzOjE6IngiO3M6MTY6InNzek9mVGR3YkpvQWpOS3EiO31jeHOkJgAAAA,22,Москва,"Наталья, Михаил",,90
Комплект украшений натуральный перламутр,1250.0,https://www.avito.ru/moskva/chasy_i_ukrasheniya/komplekt_ukrasheniy_naturalnyy_perlamutr_3735887888?context=H4sIAAAAAAAA_wEmANn_YToxOntzOjE6IngiO3M6MTY6InNzek9mVGR3YkpvQWpOS3EiO31jeHOkJgAAAA,53,Москва,Ольга,,476
Браслет в этно стиле,350.0,https://www.avito.ru/moskva/chasy_i_ukrasheniya/braslet_v_etno_stile_7197580625?context=H4sIAAAAAAAA_wEmANn_YToxOntzOjE6IngiO3M6MTY6InNzek9mVGR3YkpvQWpOS3EiO31jeHOkJgAAAA,162,Москва,Рахманова Алиса,,29
Украшения авторские в стиле бохо,1000.0,https://www.avito.ru/moskva/chasy_i_ukrasheniya/ukrasheniya_avtorskie_v_stile_boho_3294291803?context=H4sIAAAAAAAA_wEmANn_YToxOntzOjE6IngiO3M6MTY6InNzek9mVGR3YkpvQWpOS3EiO31jeHOkJgAAAA,576,Москва,A'Mara,,68
Колье бижутерия этно украшения ожерелье монисто,600.0,https://www.avito.ru/moskva/chasy_i_ukrasheniya/kole_bizhuteriya_etno_ukrasheniya_ozherele_monisto_4502184372?context=H4sIAAAAAAAA_wEmANn_YToxOntzOjE6IngiO3M6MTY6InNzek9mVGR3YkpvQWpOS3EiO31jeHOkJgAAAA,101,Москва,ST_krossshop,,22
Кольца этно паук бабочка осьминог,250.0,https://www.avito.ru/moskva/chasy_i_ukrasheniya/koltsa_etno_pauk_babochka_osminog_4750123136?context=H4sIAAAAAAAA_wEmANn_YToxOntzOjE6IngiO3M6MTY6InNzek9mVGR3YkpvQWpOS3EiO31jeHOkJgAAAA,300,Москва,Elena,,156
Кулон на шею ожерелье украшение Бохо Этно,920.0,https://www.avito.ru/moskva/chasy_i_ukrasheniya/kulon_na_sheyu_ozherele_ukrashenie_boho_etno_4557179729?context=H4sIAAAAAAAA_wEmANn_YToxOntzOjE6IngiO3M6MTY6InNzek9mVGR3YkpvQWpOS3EiO31jeHOkJgAAAA,28,Москва,"Наталья, Михаил",,90
Комплект украшений бохо этно серьги и подвеска,585.0,https://www.avito.ru/moskva/chasy_i_ukrasheniya/komplekt_ukrasheniy_boho_etno_sergi_i_podveska_4180809861?context=H4sIAAAAAAAA_wEmANn_YToxOntzOjE6IngiO3M6MTY6InNzek9mVGR3YkpvQWpOS3EiO31jeHOkJgAAAA,1105,Москва,Товары Бохо шик,,1
Авторские украшения ручной работы серьги этно,1250.0,https://www.avito.ru/moskva_zelenograd/chasy_i_ukrasheniya/avtorskie_ukrasheniya_ruchnoy_raboty_sergi_etno_4640057095?slocation=637640&context=H4sIAAAAAAAA_wEmANn_YToxOntzOjE6IngiO3M6MTY6InNzek9mVGR3YkpvQWpOS3EiO31jeHOkJgAAAA,16,Москва,ArtBijou Натальи Пахомовой,,4
"Украшения Этно/ кулон, сумочка",1300.0,https://www.avito.ru/moskva/chasy_i_ukrasheniya/ukrasheniya_etno_kulon_sumochka_3518521996?context=H4sIAAAAAAAA_wEmANn_YToxOntzOjE6IngiO3M6MTY6InNzek9mVGR3YkpvQWpOS3EiO31jeHOkJgAAAA,249,Москва,Татьяна,,50
Кулон украшение на шею Новый деревянный,500.0,https://www.avito.ru/moskva/chasy_i_ukrasheniya/kulon_ukrashenie_na_sheyu_novyy_derevyannyy_4945567698?context=H4sIAAAAAAAA_wEmANn_YToxOntzOjE6IngiO3M6MTY6InNzek9mVGR3YkpvQWpOS3EiO31jeHOkJgAAAA,90,Москва,Татьяна,,58
Этно украшения на голову,990.0,https://www.avito.ru/moskva/odezhda_obuv_aksessuary/etno_ukrasheniya_na_golovu_4502209943?context=H4sIAAAAAAAA_wEmANn_YToxOntzOjE6IngiO3M6MTY6InNzek9mVGR3YkpvQWpOS3EiO31jeHOkJgAAAA,30,Москва,ST_krossshop,,22
"Винтажные украшения в этно стиле,Индия,Дубаи",700.0,https://www.avito.ru/moskva/odezhda_obuv_aksessuary/vintazhnye_ukrasheniya_v_etno_stileindiyadubai_2844912447?context=H4sIAAAAAAAA_wEmANn_YToxOntzOjE6IngiO3M6MTY6InNzek9mVGR3YkpvQWpOS3EiO31jeHOkJgAAAA,2039,Москва,Елена,,86
Этно украшения бижутерия,1800.0,https://www.avito.ru/moskva/odezhda_obuv_aksessuary/etno_ukrasheniya_bizhuteriya_4499500693?context=H4sIAAAAAAAA_wEmANn_YToxOntzOjE6IngiO3M6MTY6InNzek9mVGR3YkpvQWpOS3EiO31jeHOkJgAAAA,202,Москва,Ирина,,27
Этно кольца,790.0,https://www.avito.ru/moskva/chasy_i_ukrasheniya/etno_koltsa_3735549443?context=H4sIAAAAAAAA_wEmANn_YToxOntzOjE6IngiO3M6MTY6InNzek9mVGR3YkpvQWpOS3EiO31jeHOkJgAAAA,1091,Москва,Динара,,72
Этно украшения ручной работы,400.0,https://www.avito.ru/izhevsk/chasy_i_ukrasheniya/etno_ukrasheniya_ruchnoy_raboty_4340564777?slocation=637640&context=H4sIAAAAAAAA_wEmANn_YToxOntzOjE6IngiO3M6MTY6InNzek9mVGR3YkpvQWpOS3EiO31jeHOkJgAAAA,230,Ижевск,Алина,,3
"Золотое кольцо в этно-стиле ""Эхо""",799.0,https://www.avito.ru/moskva/chasy_i_ukrasheniya/zolotoe_koltso_v_etno-stile_eho_4686620184?context=H4sIAAAAAAAA_wEmANn_YToxOntzOjE6IngiO3M6MTY6InNzek9mVGR3YkpvQWpOS3EiO31jeHOkJgAAAA,77,Москва,Amvia,,1
Чолпы/чулпы/шолпы этно украшение для волос,320.0,https://www.avito.ru/pskov/odezhda_obuv_aksessuary/cholpychulpysholpy_etno_ukrashenie_dlya_volos_4455581414?slocation=637640&context=H4sIAAAAAAAA_wEmANn_YToxOntzOjE6IngiO3M6MTY6InNzek9mVGR3YkpvQWpOS3EiO31jeHOkJgAAAA,54,Псков,koshkinekusayut,,7
Серьги этно бохо,790.0,https://www.avito.ru/moskva/chasy_i_ukrasheniya/sergi_etno_boho_2932237499?context=H4sIAAAAAAAA_wEmANn_YToxOntzOjE6IngiO3M6MTY6InNzek9mVGR3YkpvQWpOS3EiO31jeHOkJgAAAA,1948,Москва,Надежда,,1
Украшения этно бохо,80.0,https://www.avito.ru/vyborg/chasy_i_ukrasheniya/ukrasheniya_etno_boho_4458507643?slocation=637640&context=H4sIAAAAAAAA_wEmANn_YToxOntzOjE6IngiO3M6MTY6InNzek9mVGR3YkpvQWpOS3EiO31jeHOkJgAAAA,105,Выборгский р-н,Фима,,60
Украшения разные,1000.0,https://www.avito.ru/moskva/chasy_i_ukrasheniya/ukrasheniya_raznye_3878195652?context=H4sIAAAAAAAA_wEmANn_YToxOntzOjE6IngiO3M6MTY6InNzek9mVGR3YkpvQWpOS3EiO31jeHOkJgAAAA,415,Москва,Роза Майская,,132
Украшения бижутерия + серебро пакетом с копилкой,1200.0,https://www.avito.ru/moskva/chasy_i_ukrasheniya/ukrasheniya_bizhuteriya_serebro_paketom_s_kopilkoy_7233976313?context=H4sIAAAAAAAA_wEmANn_YToxOntzOjE6IngiO3M6MTY6InNzek9mVGR3YkpvQWpOS3EiO31jeHOkJgAAAA,45,Москва,Галина,,29
Этно украшение на голову,1000.0,https://www.avito.ru/mahachkala/chasy_i_ukrasheniya/etno_ukrashenie_na_golovu_4135701554?slocation=637640&context=H4sIAAAAAAAA_wEmANn_YToxOntzOjE6IngiO3M6MTY6InNzek9mVGR3YkpvQWpOS3EiO31jeHOkJgAAAA,505,Махачкала,Патимат,,12
Этно украшения: набор перстней,150.0,https://www.avito.ru/petrozavodsk/chasy_i_ukrasheniya/etno_ukrasheniya_nabor_perstney_4259637892?slocation=637640&context=H4sIAAAAAAAA_wEmANn_YToxOntzOjE6IngiO3M6MTY6ImxMdUZrTFlFMzJzdUhraE8iO31skGT1JgAAAA,66,Петрозаводский г.о.,Ксения,,118
Украшение на голову tico тико этно,250.0,https://www.avito.ru/arhangelsk/chasy_i_ukrasheniya/ukrashenie_na_golovu_tico_tiko_etno_4373023448?slocation=637640&context=H4sIAAAAAAAA_wEmANn_YToxOntzOjE6IngiO3M6MTY6ImxMdUZrTFlFMzJzdUhraE8iO31skGT1JgAAAA,94,Архангельск,ALINA,,40
"Этно-серьги, этно-украшения",460.0,https://www.avito.ru/ufa/chasy_i_ukrasheniya/etno-sergi_etno-ukrasheniya_4169287137?slocation=637640&context=H4sIAAAAAAAA_wEmANn_YToxOntzOjE6IngiO3M6MTY6ImxMdUZrTFlFMzJzdUhraE8iO31skGT1JgAAAA,1400,Уфа,Марфуга,,33
"Золотое кольцо в этно-стиле ""Тайна""",799.0,https://www.avito.ru/moskva/chasy_i_ukrasheniya/zolotoe_koltso_v_etno-stile_tayna_7214364408?context=H4sIAAAAAAAA_wEmANn_YToxOntzOjE6IngiO3M6MTY6ImxMdUZrTFlFMzJzdUhraE8iO31skGT1JgAAAA,19,Москва,Amvia,,1
Этно кольцо,10.0,https://www.avito.ru/ufa/odezhda_obuv_aksessuary/etno_koltso_3941741872?slocation=637640&context=H4sIAAAAAAAA_wEmANn_YToxOntzOjE6IngiO3M6MTY6ImxMdUZrTFlFMzJzdUhraE8iO31skGT1JgAAAA,1437,Уфа,Карина,,27
Авторские украшения Серьги этно Африка,1750.0,https://www.avito.ru/moskva_zelenograd/chasy_i_ukrasheniya/avtorskie_ukrasheniya_sergi_etno_afrika_3488660178?slocation=637640&context=H4sIAAAAAAAA_wEmANn_YToxOntzOjE6IngiO3M6MTY6ImxMdUZrTFlFMzJzdUhraE8iO31skGT1JgAAAA,136,Москва,ArtBijou Натальи Пахомовой,,4
Этно украшения,150.0,https://www.avito.ru/mahachkala/chasy_i_ukrasheniya/etno_ukrasheniya_4467896527?slocation=637640&context=H4sIAAAAAAAA_wEmANn_YToxOntzOjE6IngiO3M6MTY6ImxMdUZrTFlFMzJzdUhraE8iO31skGT1JgAAAA,318,Махачкала,SAFIYA,,50
Этно бижутерия,150.0,https://www.avito.ru/mahachkala/chasy_i_ukrasheniya/etno_bizhuteriya_3319662038?slocation=637640&context=H4sIAAAAAAAA_wEmANn_YToxOntzOjE6IngiO3M6MTY6ImxMdUZrTFlFMzJzdUhraE8iO31skGT1JgAAAA,3772,Махачкала,Safa-Shop,,1
"Серебряное кольцо в этно-стиле ""Связь""",649.0,https://www.avito.ru/moskva/chasy_i_ukrasheniya/serebryanoe_koltso_v_etno-stile_svyaz_4654774295?context=H4sIAAAAAAAA_wEmANn_YToxOntzOjE6IngiO3M6MTY6ImxMdUZrTFlFMzJzdUhraE8iO31skGT1JgAAAA,24,Москва,Amvia,,1
Продам украшение на шею,1600.0,https://www.avito.ru/moskovskaya_oblast_rozhdestveno/chasy_i_ukrasheniya/prodam_ukrashenie_na_sheyu_3281785922?slocation=637640&context=H4sIAAAAAAAA_wEmANn_YToxOntzOjE6IngiO3M6MTY6ImxMdUZrTFlFMzJzdUhraE8iO31skGT1JgAAAA,114,г.о. Истра,Оксана И,,4
Этно украшения,5000.0,https://www.avito.ru/nalchik/chasy_i_ukrasheniya/etno_ukrasheniya_4133893072?slocation=637640&context=H4sIAAAAAAAA_wEmANn_YToxOntzOjE6IngiO3M6MTY6ImxMdUZrTFlFMzJzdUhraE8iO31skGT1JgAAAA,143,Нальчик,Мирабель,,11
"Браслеты, серьги, кольцо этно",580.0,https://www.avito.ru/bahchisaray/chasy_i_ukrasheniya/braslety_sergi_koltso_etno_2757154662?slocation=637640&context=H4sIAAAAAAAA_wEmANn_YToxOntzOjE6IngiO3M6MTY6ImxMdUZrTFlFMzJzdUhraE8iO31skGT1JgAAAA,587,Бахчисарайский р-н,Лариса,,1
"Пришивные монетки, фурнитура этно-украшения",800.0,https://www.avito.ru/ufa/chasy_i_ukrasheniya/prishivnye_monetki_furnitura_etno-ukrasheniya_4584683474?slocation=637640&context=H4sIAAAAAAAA_wEmANn_YToxOntzOjE6IngiO3M6MTY6ImxMdUZrTFlFMzJzdUhraE8iO31skGT1JgAAAA,73,Уфа,Марфуга,,33
Этно украшения,800.0,https://www.avito.ru/vladikavkaz/chasy_i_ukrasheniya/etno_ukrasheniya_4604551640?slocation=637640&context=H4sIAAAAAAAA_wEmANn_YToxOntzOjE6IngiO3M6MTY6ImxMdUZrTFlFMzJzdUhraE8iO31skGT1JgAAAA,142,пл. Свободы,Oksana,,5
Этно-украшение браслет кольцо,950.0,https://www.avito.ru/levashi/chasy_i_ukrasheniya/etno-ukrashenie_braslet_koltso_4515116895?slocation=637640&context=H4sIAAAAAAAA_wEmANn_YToxOntzOjE6IngiO3M6MTY6ImxMdUZrTFlFMzJzdUhraE8iO31skGT1JgAAAA,68,Левашинский р-н,Nafisa,,5
"Серебряное кольцо в этно-стиле ""Танец плетений""",649.0,https://www.avito.ru/moskva/chasy_i_ukrasheniya/serebryanoe_koltso_v_etno-stile_tanets_pleteniy_4623248568?context=H4sIAAAAAAAA_wEmANn_YToxOntzOjE6IngiO3M6MTY6ImxMdUZrTFlFMzJzdUhraE8iO31skGT1JgAAAA,31,Москва,Amvia,,1
Этно кольца и браслеты,500.0,https://www.avito.ru/derbent/odezhda_obuv_aksessuary/etno_koltsa_i_braslety_4297498885?slocation=637640&context=H4sIAAAAAAAA_wEmANn_YToxOntzOjE6IngiO3M6MTY6ImxMdUZrTFlFMzJzdUhraE8iO31skGT1JgAAAA,179,Дербент,Анжела,,0
Этно украшения колье ажурные перья гестия,999.0,https://www.avito.ru/moskva/chasy_i_ukrasheniya/etno_ukrasheniya_kole_azhurnye_perya_gestiya_3620086170?context=H4sIAAAAAAAA_wEmANn_YToxOntzOjE6IngiO3M6MTY6ImxMdUZrTFlFMzJzdUhraE8iO31skGT1JgAAAA,768,Москва,Ясер,,39
Этно украшения кольца и браслеты,450.0,https://www.avito.ru/astrahan/chasy_i_ukrasheniya/etno_ukrasheniya_koltsa_i_braslety_2919817015?slocation=637640&context=H4sIAAAAAAAA_wEmANn_YToxOntzOjE6IngiO3M6MTY6ImxMdUZrTFlFMzJzdUhraE8iO31skGT1JgAAAA,4583,Астрахань,Зоя,,15
Кольца этно,650.0,https://www.avito.ru/moskva/chasy_i_ukrasheniya/koltsa_etno_3365538976?context=H4sIAAAAAAAA_wEmANn_YToxOntzOjE6IngiO3M6MTY6ImxMdUZrTFlFMzJzdUhraE8iO31skGT1JgAAAA,129,Москва,Ресейл,,6
Серьги. Этно украшения в казахском стиле,800.0,https://www.avito.ru/sankt-peterburg/chasy_i_ukrasheniya/sergi._etno_ukrasheniya_v_kazahskom_stile_4897650867?slocation=637640&context=H4sIAAAAAAAA_wEmANn_YToxOntzOjE6IngiO3M6MTY6ImxMdUZrTFlFMzJzdUhraE8iO31skGT1JgAAAA,731,Санкт-Петербург,Розалия Максутова,,9
"Бижутерия, разные украшения в этно бохо стиле",300.0,https://www.avito.ru/penza/chasy_i_ukrasheniya/bizhuteriya_raznye_ukrasheniya_v_etno_boho_stile_4437515708?slocation=637640&context=H4sIAAAAAAAA_wEmANn_YToxOntzOjE6IngiO3M6MTY6ImxMdUZrTFlFMzJzdUhraE8iO31skGT1JgAAAA,421,Пенза,ANNA,,10
Этно украшения,150.0,https://www.avito.ru/mahachkala/chasy_i_ukrasheniya/etno_ukrasheniya_3865938301?slocation=637640&context=H4sIAAAAAAAA_wEmANn_YToxOntzOjE6IngiO3M6MTY6ImxMdUZrTFlFMzJzdUhraE8iO31skGT1JgAAAA,357,Махачкала,ethno,,217
"Браслет, этно новый",240.0,https://www.avito.ru/ivanovo/odezhda_obuv_aksessuary/braslet_etno_novyy_4672992517?slocation=637640&context=H4sIAAAAAAAA_wEmANn_YToxOntzOjE6IngiO3M6MTY6ImxMdUZrTFlFMzJzdUhraE8iO31skGT1JgAAAA,14,Иваново,Юлия,,29
Этно украшения,450.0,https://www.avito.ru/astrahan/chasy_i_ukrasheniya/etno_ukrasheniya_4167593301?slocation=637640&context=H4sIAAAAAAAA_wEmANn_YToxOntzOjE6IngiO3M6MTY6ImxMdUZrTFlFMzJzdUhraE8iO31skGT1JgAAAA,856,Астрахань,SZ,,1
"Этно украшения для волос -шекелик, шашбау, заколки",1200.0,https://www.avito.ru/sankt-peterburg/chasy_i_ukrasheniya/etno_ukrasheniya_dlya_volos_-shekelik_shashbau_zakolki_4898213014?slocation=637640&context=H4sIAAAAAAAA_wEmANn_YToxOntzOjE6IngiO3M6MTY6ImxMdUZrTFlFMzJzdUhraE8iO31skGT1JgAAAA,688,Санкт-Петербург,Розалия Максутова,,9
Этно украшения,4000.0,https://www.avito.ru/mahachkala/chasy_i_ukrasheniya/etno_ukrasheniya_7208558767?slocation=637640&context=H4sIAAAAAAAA_wEmANn_YToxOntzOjE6IngiO3M6MTY6ImxMdUZrTFlFMzJzdUhraE8iO31skGT1JgAAAA,72,Махачкала,Аминат,,18
Этно кольцо,200.0,https://www.avito.ru/ufa/chasy_i_ukrasheniya/etno_koltso_3750331615?slocation=637640&context=H4sIAAAAAAAA_wEmANn_YToxOntzOjE6IngiO3M6MTY6ImxMdUZrTFlFMzJzdUhraE8iO31skGT1JgAAAA,1824,Уфа,Карина,,27
Наборы. Этно украшения в казахском стиле,1300.0,https://www.avito.ru/sankt-peterburg/chasy_i_ukrasheniya/nabory._etno_ukrasheniya_v_kazahskom_stile_4898242591?slocation=637640&context=H4sIAAAAAAAA_wEmANn_YToxOntzOjE6IngiO3M6MTY6ImxMdUZrTFlFMzJzdUhraE8iO31skGT1JgAAAA,372,Санкт-Петербург,Розалия Максутова,,9
Тика этно в стиле,1500.0,https://www.avito.ru/moskva/odezhda_obuv_aksessuary/tika_etno_v_stile_3868134106?context=H4sIAAAAAAAA_wEmANn_YToxOntzOjE6IngiO3M6MTY6ImxMdUZrTFlFMzJzdUhraE8iO31skGT1JgAAAA,88,Москва,Жазгуль,,2
Украшения бохо этно пакетом,2200.0,https://www.avito.ru/murino/odezhda_obuv_aksessuary/ukrasheniya_boho_etno_paketom_4818467929?slocation=637640&context=H4sIAAAAAAAA_wEmANn_YToxOntzOjE6IngiO3M6MTY6ImxMdUZrTFlFMzJzdUhraE8iO31skGT1JgAAAA,36,Всеволожский р-н,Татьяна,,191
"Гребни, кость, Этно. стиль Испания",600.0,https://www.avito.ru/moskva/odezhda_obuv_aksessuary/grebni_kost_etno._stil_ispaniya_4233418789?context=H4sIAAAAAAAA_wEmANn_YToxOntzOjE6IngiO3M6MTY6ImxMdUZrTFlFMzJzdUhraE8iO31skGT1JgAAAA,334,Москва,Уильям,,28
Бужутерия этно,100.0,https://www.avito.ru/mahachkala/chasy_i_ukrasheniya/buzhuteriya_etno_3415354962?slocation=637640&context=H4sIAAAAAAAA_wEmANn_YToxOntzOjE6IngiO3M6MTY6ImxMdUZrTFlFMzJzdUhraE8iO31skGT1JgAAAA,2946,Махачкала,Safa-Shop,,1
Украшение этно бохо из кожи,100.0,https://www.avito.ru/perm/chasy_i_ukrasheniya/ukrashenie_etno_boho_iz_kozhi_4826093560?slocation=637640&context=H4sIAAAAAAAA_wEmANn_YToxOntzOjE6IngiO3M6MTY6ImxMdUZrTFlFMzJzdUhraE8iO31skGT1JgAAAA,30,Пермь,Лана Дел Рэй,,12
Бижутерия этно,200.0,https://www.avito.ru/mahachkala/chasy_i_ukrasheniya/bizhuteriya_etno_3769655229?slocation=637640&context=H4sIAAAAAAAA_wEmANn_YToxOntzOjE6IngiO3M6MTY6ImxMdUZrTFlFMzJzdUhraE8iO31skGT1JgAAAA,4609,Махачкала,ethno,,217
Этно украшения,150.0,https://www.avito.ru/mahachkala/chasy_i_ukrasheniya/etno_ukrasheniya_3034287172?slocation=637640&context=H4sIAAAAAAAA_wEmANn_YToxOntzOjE6IngiO3M6MTY6ImxMdUZrTFlFMzJzdUhraE8iO31skGT1JgAAAA,1138,Махачкала,ethno,,217
"Комплект украшений браслет, серьги, кольцо",250.0,https://www.avito.ru/novomoskovsk/chasy_i_ukrasheniya/komplekt_ukrasheniy_braslet_sergi_koltso_3952191609?slocation=637640&context=H4sIAAAAAAAA_wEmANn_YToxOntzOjE6IngiO3M6MTY6ImxMdUZrTFlFMzJzdUhraE8iO31skGT1JgAAAA,155,Новомосковск,Майя,,13
"Золотое кольцо в этно-стиле ""Нить""",799.0,https://www.avito.ru/moskva/chasy_i_ukrasheniya/zolotoe_koltso_v_etno-stile_nit_4719393430?context=H4sIAAAAAAAA_wEmANn_YToxOntzOjE6IngiO3M6MTY6ImxMdUZrTFlFMzJzdUhraE8iO31skGT1JgAAAA,15,Москва,Amvia,,1
Этно украшения,5000.0,https://www.avito.ru/ryazan/odezhda_obuv_aksessuary/etno_ukrasheniya_4420643130?slocation=637640&context=H4sIAAAAAAAA_wEmANn_YToxOntzOjE6IngiO3M6MTY6ImxMdUZrTFlFMzJzdUhraE8iO31skGT1JgAAAA,147,Рязань,Дарья,,1
Украшения в этно стиле,400.0,https://www.avito.ru/chaykovskiy/chasy_i_ukrasheniya/ukrasheniya_v_etno_stile_4784158298?slocation=637640&context=H4sIAAAAAAAA_wEmANn_YToxOntzOjE6IngiO3M6MTY6ImxMdUZrTFlFMzJzdUhraE8iO31skGT1JgAAAA,72,Чайковский г.о.,Milen,,3
Этно Бижутерия,250.0,https://www.avito.ru/dagestan_kizlyar/odezhda_obuv_aksessuary/etno_bizhuteriya_4837928941?slocation=637640&context=H4sIAAAAAAAA_wEmANn_YToxOntzOjE6IngiO3M6MTY6ImxMdUZrTFlFMzJzdUhraE8iO31skGT1JgAAAA,14,Кизляр,Асият,,0
Этнические украшения,600.0,https://www.avito.ru/moskva/chasy_i_ukrasheniya/etnicheskie_ukrasheniya_4506919789?context=H4sIAAAAAAAA_wEmANn_YToxOntzOjE6IngiO3M6MTY6ImxMdUZrTFlFMzJzdUhraE8iO31skGT1JgAAAA,60,Москва,Viktorya,,3
Браслет из бисера «Этно» (светлый),500.0,https://www.avito.ru/moskva/odezhda_obuv_aksessuary/braslet_iz_bisera_etno_svetlyy_4780333596?context=H4sIAAAAAAAA_wEmANn_YToxOntzOjE6IngiO3M6MTY6ImxMdUZrTFlFMzJzdUhraE8iO31skGT1JgAAAA,327,Москва,BijouxTerre - Авторские украшения,,1
Браслет и Подвеска. Этно украшения (казахские),600.0,https://www.avito.ru/sankt-peterburg/odezhda_obuv_aksessuary/braslet_i_podveska._etno_ukrasheniya_kazahskie_5153843376?slocation=637640&context=H4sIAAAAAAAA_wEmANn_YToxOntzOjE6IngiO3M6MTY6ImxMdUZrTFlFMzJzdUhraE8iO31skGT1JgAAAA,122,Санкт-Петербург,Розалия Максутова,,9
Этнические украшения,550.0,https://www.avito.ru/ufa/chasy_i_ukrasheniya/etnicheskie_ukrasheniya_2109021847?slocation=637640&context=H4sIAAAAAAAA_wEmANn_YToxOntzOjE6IngiO3M6MTY6InJoZWZQbzJNcFlySkkzV3YiO31AtXitJgAAAA,1030,Уфа,Илюза Кусярбаева,,12
Этно украшения,4000.0,https://www.avito.ru/mahachkala/chasy_i_ukrasheniya/etno_ukrasheniya_7208558767?slocation=637640&context=H4sIAAAAAAAA_wEmANn_YToxOntzOjE6IngiO3M6MTY6InJoZWZQbzJNcFlySkkzV3YiO31AtXitJgAAAA,72,Махачкала,Аминат,,18
Украшения этника Афганистан лазурит новые,4500.0,https://www.avito.ru/borovsk/chasy_i_ukrasheniya/ukrasheniya_etnika_afganistan_lazurit_novye_4255540326?slocation=637640&context=H4sIAAAAAAAA_wEmANn_YToxOntzOjE6IngiO3M6MTY6InJoZWZQbzJNcFlySkkzV3YiO31AtXitJgAAAA,835,Боровский р-н,восточная лавка,,17
Бусы-колье из натурального агата. Этно-бохо стиль,2000.0,https://www.avito.ru/klin/chasy_i_ukrasheniya/busy-kole_iz_naturalnogo_agata._etno-boho_stil_7259865607?slocation=637640&context=H4sIAAAAAAAA_wEmANn_YToxOntzOjE6IngiO3M6MTY6InJoZWZQbzJNcFlySkkzV3YiO31AtXitJgAAAA,54,Клин,EKo Style Bijou,,26
Браслет из бисера «Этно» (gold),800.0,https://www.avito.ru/moskva/odezhda_obuv_aksessuary/braslet_iz_bisera_etno_gold_4780036389?context=H4sIAAAAAAAA_wEmANn_YToxOntzOjE6IngiO3M6MTY6InJoZWZQbzJNcFlySkkzV3YiO31AtXitJgAAAA,71,Москва,BijouxTerre - Авторские украшения,,1
Украшения в этно стиле,400.0,https://www.avito.ru/chaykovskiy/chasy_i_ukrasheniya/ukrasheniya_v_etno_stile_4784158298?slocation=637640&context=H4sIAAAAAAAA_wEmANn_YToxOntzOjE6IngiO3M6MTY6InJoZWZQbzJNcFlySkkzV3YiO31AtXitJgAAAA,72,Чайковский г.о.,Milen,,3
Этно Бижутерия,250.0,https://www.avito.ru/dagestan_kizlyar/odezhda_obuv_aksessuary/etno_bizhuteriya_4837928941?slocation=637640&context=H4sIAAAAAAAA_wEmANn_YToxOntzOjE6IngiO3M6MTY6InJoZWZQbzJNcFlySkkzV3YiO31AtXitJgAAAA,14,Кизляр,Асият,,0
Браслет и Подвеска. Этно украшения (казахские),600.0,https://www.avito.ru/sankt-peterburg/odezhda_obuv_aksessuary/braslet_i_podveska._etno_ukrasheniya_kazahskie_5153843376?slocation=637640&context=H4sIAAAAAAAA_wEmANn_YToxOntzOjE6IngiO3M6MTY6InJoZWZQbzJNcFlySkkzV3YiO31AtXitJgAAAA,122,Санкт-Петербург,Розалия Максутова,,9
Этно бохо браслеты из метала (альпака) Тибет,300.0,https://www.avito.ru/tambov/chasy_i_ukrasheniya/etno_boho_braslety_iz_metala_alpaka_tibet_3854920135?slocation=637640&context=H4sIAAAAAAAA_wEmANn_YToxOntzOjE6IngiO3M6MTY6InJoZWZQbzJNcFlySkkzV3YiO31AtXitJgAAAA,920,Тамбов,Александра Александровна,,21
Украшения ручной работы в стиле Этно из фетра,700.0,https://www.avito.ru/moskva/chasy_i_ukrasheniya/ukrasheniya_ruchnoy_raboty_v_stile_etno_iz_fetra_4246222381?context=H4sIAAAAAAAA_wEmANn_YToxOntzOjE6IngiO3M6MTY6InJoZWZQbzJNcFlySkkzV3YiO31AtXitJgAAAA,24,Москва,Чайка,,0
Комплект украшений натуральный перламутр,1250.0,https://www.avito.ru/moskva/chasy_i_ukrasheniya/komplekt_ukrasheniy_naturalnyy_perlamutr_3735887888?context=H4sIAAAAAAAA_wEmANn_YToxOntzOjE6IngiO3M6MTY6InJoZWZQbzJNcFlySkkzV3YiO31AtXitJgAAAA,53,Москва,Ольга,,476
Бижутерия этно,200.0,https://www.avito.ru/mahachkala/chasy_i_ukrasheniya/bizhuteriya_etno_3769655229?slocation=637640&context=H4sIAAAAAAAA_wEmANn_YToxOntzOjE6IngiO3M6MTY6InJoZWZQbzJNcFlySkkzV3YiO31AtXitJgAAAA,4609,Махачкала,ethno,,217
Украшение на шею с монетами,1900.0,https://www.avito.ru/moskva/odezhda_obuv_aksessuary/ukrashenie_na_sheyu_s_monetami_2765291176?context=H4sIAAAAAAAA_wEmANn_YToxOntzOjE6IngiO3M6MTY6InJoZWZQbzJNcFlySkkzV3YiO31AtXitJgAAAA,639,Москва,Нелли,,37
Тика этно в стиле,1500.0,https://www.avito.ru/moskva/odezhda_obuv_aksessuary/tika_etno_v_stile_3868134106?context=H4sIAAAAAAAA_wEmANn_YToxOntzOjE6IngiO3M6MTY6InJoZWZQbzJNcFlySkkzV3YiO31AtXitJgAAAA,88,Москва,Жазгуль,,2
Этно украшения,370.0,https://www.avito.ru/volgograd/chasy_i_ukrasheniya/etno_ukrasheniya_4858013938?slocation=637640&context=H4sIAAAAAAAA_wEmANn_YToxOntzOjE6IngiO3M6MTY6InJoZWZQbzJNcFlySkkzV3YiO31AtXitJgAAAA,54,Волгоград,Елена Ткачева,,142
"Украшения в этно, бохо стиле",1100.0,https://www.avito.ru/sankt-peterburg_peterhof/chasy_i_ukrasheniya/ukrasheniya_v_etno_boho_stile_4413522673?slocation=637640&context=H4sIAAAAAAAA_wEmANn_YToxOntzOjE6IngiO3M6MTY6InJoZWZQbzJNcFlySkkzV3YiO31AtXitJgAAAA,241,Санкт-Петербург,A'Mara,,68
"Сет колец, этно, бохо украшения, пакетом, набор",400.0,https://www.avito.ru/kostroma/chasy_i_ukrasheniya/set_kolets_etno_boho_ukrasheniya_paketom_nabor_4573532794?slocation=637640&context=H4sIAAAAAAAA_wEmANn_YToxOntzOjE6IngiO3M6MTY6InJoZWZQbzJNcFlySkkzV3YiO31AtXitJgAAAA,378,Кострома,Катерина К,,47
Этно украшения,650.0,https://www.avito.ru/kazan/chasy_i_ukrasheniya/etno_ukrasheniya_3656454136?slocation=637640&context=H4sIAAAAAAAA_wEmANn_YToxOntzOjE6IngiO3M6MTY6InJoZWZQbzJNcFlySkkzV3YiO31AtXitJgAAAA,1101,Казань,Гузель,,6
Ожерелья ручной работы этно стиль,800.0,https://www.avito.ru/moskva/chasy_i_ukrasheniya/ozherelya_ruchnoy_raboty_etno_stil_7256962436?context=H4sIAAAAAAAA_wEmANn_YToxOntzOjE6IngiO3M6MTY6InJoZWZQbzJNcFlySkkzV3YiO31AtXitJgAAAA,7,Москва,Алла,,21
Набор украшений пакетом в этно/эко стиле,550.0,https://www.avito.ru/chelyabinsk/chasy_i_ukrasheniya/nabor_ukrasheniy_paketom_v_etnoeko_stile_4420655062?slocation=637640&context=H4sIAAAAAAAA_wEmANn_YToxOntzOjE6IngiO3M6MTY6InJoZWZQbzJNcFlySkkzV3YiO31AtXitJgAAAA,75,Челябинск,Диля,,33
Этно украшения,150.0,https://www.avito.ru/mahachkala/chasy_i_ukrasheniya/etno_ukrasheniya_3034287172?slocation=637640&context=H4sIAAAAAAAA_wEmANn_YToxOntzOjE6IngiO3M6MTY6InJoZWZQbzJNcFlySkkzV3YiO31AtXitJgAAAA,1138,Махачкала,ethno,,217
Этно украшения на голову,990.0,https://www.avito.ru/moskva/odezhda_obuv_aksessuary/etno_ukrasheniya_na_golovu_4502209943?context=H4sIAAAAAAAA_wEmANn_YToxOntzOjE6IngiO3M6MTY6InJoZWZQbzJNcFlySkkzV3YiO31AtXitJgAAAA,30,Москва,ST_krossshop,,22
Этно украшения,150.0,https://www.avito.ru/mahachkala/chasy_i_ukrasheniya/etno_ukrasheniya_4467896527?slocation=637640&context=H4sIAAAAAAAA_wEmANn_YToxOntzOjE6IngiO3M6MTY6InJoZWZQbzJNcFlySkkzV3YiO31AtXitJgAAAA,318,Махачкала,SAFIYA,,50
"Этно украшение, слеиф, медь",2000.0,https://www.avito.ru/almetevsk/chasy_i_ukrasheniya/etno_ukrashenie_sleif_med_5004190732?slocation=637640&context=H4sIAAAAAAAA_wEmANn_YToxOntzOjE6IngiO3M6MTY6InJoZWZQbzJNcFlySkkzV3YiO31AtXitJgAAAA,38,Альметьевский р-н,Айгуль Цветочек,,0
Этно серьги из редкого африканского дерева,500.0,https://www.avito.ru/moskva/chasy_i_ukrasheniya/etno_sergi_iz_redkogo_afrikanskogo_dereva_4580310482?context=H4sIAAAAAAAA_wEmANn_YToxOntzOjE6IngiO3M6MTY6InJoZWZQbzJNcFlySkkzV3YiO31AtXitJgAAAA,77,Москва,Мария,,73
"Этно серьги, брелки, подвески",1200.0,https://www.avito.ru/spokoynaya/chasy_i_ukrasheniya/etno_sergi_brelki_podveski_3802918621?slocation=637640&context=H4sIAAAAAAAA_wEmANn_YToxOntzOjE6IngiO3M6MTY6InJoZWZQbzJNcFlySkkzV3YiO31AtXitJgAAAA,146,Отрадненский р-н,Елена Иванова,,24
Украшение в бохо этно стиле (Индия),400.0,https://www.avito.ru/ekaterinburg/chasy_i_ukrasheniya/ukrashenie_v_boho_etno_stile_indiya_4691090891?slocation=637640&context=H4sIAAAAAAAA_wEmANn_YToxOntzOjE6IngiO3M6MTY6InJoZWZQbzJNcFlySkkzV3YiO31AtXitJgAAAA,50,Екатеринбург,AV,,16
Колье в этно стиле из натуральной кожи,950.0,https://www.avito.ru/moskva/odezhda_obuv_aksessuary/kole_v_etno_stile_iz_naturalnoy_kozhi_4746150910?context=H4sIAAAAAAAA_wEmANn_YToxOntzOjE6IngiO3M6MTY6InJoZWZQbzJNcFlySkkzV3YiO31AtXitJgAAAA,244,Москва,Сергей,,164
Кулон ожерелье украшение из ракушек Бохо Этно,913.0,https://www.avito.ru/moskva/chasy_i_ukrasheniya/kulon_ozherele_ukrashenie_iz_rakushek_boho_etno_4556995461?context=H4sIAAAAAAAA_wEmANn_YToxOntzOjE6IngiO3M6MTY6InJoZWZQbzJNcFlySkkzV3YiO31AtXitJgAAAA,22,Москва,"Наталья, Михаил",,90
Бужутерия этно,100.0,https://www.avito.ru/mahachkala/chasy_i_ukrasheniya/buzhuteriya_etno_3415354962?slocation=637640&context=H4sIAAAAAAAA_wEmANn_YToxOntzOjE6IngiO3M6MTY6InJoZWZQbzJNcFlySkkzV3YiO31AtXitJgAAAA,2946,Махачкала,Safa-Shop,,1
Этно украшения,500.0,https://www.avito.ru/vladimir/chasy_i_ukrasheniya/etno_ukrasheniya_3815371746?slocation=637640&context=H4sIAAAAAAAA_wEmANn_YToxOntzOjE6IngiO3M6MTY6InJoZWZQbzJNcFlySkkzV3YiO31AtXitJgAAAA,61,Владимир,Alexsander,,12
Браслет этно новый,220.0,https://www.avito.ru/ivanovo/odezhda_obuv_aksessuary/braslet_etno_novyy_4672521244?slocation=637640&context=H4sIAAAAAAAA_wEmANn_YToxOntzOjE6IngiO3M6MTY6InJoZWZQbzJNcFlySkkzV3YiO31AtXitJgAAAA,5,Иваново,Юлия,,29
Этно украшения,150.0,https://www.avito.ru/mahachkala/chasy_i_ukrasheniya/etno_ukrasheniya_3865938301?slocation=637640&context=H4sIAAAAAAAA_wEmANn_YToxOntzOjE6IngiO3M6MTY6InJoZWZQbzJNcFlySkkzV3YiO31AtXitJgAAAA,357,Махачкала,ethno,,217
"Этно серьги, национальные серьги",250.0,https://www.avito.ru/sterlitamak/chasy_i_ukrasheniya/etno_sergi_natsionalnye_sergi_4007344450?slocation=637640&context=H4sIAAAAAAAA_wEmANn_YToxOntzOjE6IngiO3M6MTY6InJoZWZQbzJNcFlySkkzV3YiO31AtXitJgAAAA,1036,Стерлитамак,Надежда,,15
"Национальные украшения, Этно стиль",600.0,https://www.avito.ru/ufa/chasy_i_ukrasheniya/natsionalnye_ukrasheniya_etno_stil_3903679046?slocation=637640&context=H4sIAAAAAAAA_wEmANn_YToxOntzOjE6IngiO3M6MTY6InJoZWZQbzJNcFlySkkzV3YiO31AtXitJgAAAA,92,Уфа,Garderob_ufa1,,13
Комплект украшения,3000.0,https://www.avito.ru/moskva/chasy_i_ukrasheniya/komplekt_ukrasheniya_3484671083?context=H4sIAAAAAAAA_wEmANn_YToxOntzOjE6IngiO3M6MTY6InJoZWZQbzJNcFlySkkzV3YiO31AtXitJgAAAA,184,Москва,Казашка Феруза,,33
Кольца хендмейд,500.0,https://www.avito.ru/moskva/chasy_i_ukrasheniya/koltsa_hendmeyd_4290021916?context=H4sIAAAAAAAA_wEmANn_YToxOntzOjE6IngiO3M6MTY6InJoZWZQbzJNcFlySkkzV3YiO31AtXitJgAAAA,133,Москва,Татьяна,,77
Украшения из дерева в этническом стиле,300.0,https://www.avito.ru/moskva/chasy_i_ukrasheniya/ukrasheniya_iz_dereva_v_etnicheskom_stile_3633003553?context=H4sIAAAAAAAA_wEmANn_YToxOntzOjE6IngiO3M6MTY6InJoZWZQbzJNcFlySkkzV3YiO31AtXitJgAAAA,128,Москва,Юлиана,,20
Этно кольца,300.0,https://www.avito.ru/astrahan/chasy_i_ukrasheniya/etno_koltsa_4452088935?slocation=637640&context=H4sIAAAAAAAA_wEmANn_YToxOntzOjE6IngiO3M6MTY6InJoZWZQbzJNcFlySkkzV3YiO31AtXitJgAAAA,189,Астрахань,DSV,,10
Этнические украшения. Прокат и продажа,400.0,https://www.avito.ru/kazan/chasy_i_ukrasheniya/etnicheskie_ukrasheniya._prokat_i_prodazha_4676672952?slocation=637640&context=H4sIAAAAAAAA_wEmANn_YToxOntzOjE6IngiO3M6MTY6InJoZWZQbzJNcFlySkkzV3YiO31AtXitJgAAAA,460,Казань,Руфина,,10
Этно украшения,1300.0,https://www.avito.ru/almetevsk/chasy_i_ukrasheniya/etno_ukrasheniya_4508983680?slocation=637640&context=H4sIAAAAAAAA_wEmANn_YToxOntzOjE6IngiO3M6MTY6InJoZWZQbzJNcFlySkkzV3YiO31AtXitJgAAAA,70,Альметьевский р-н,Настя Шайдуллина,,15
Серьги этно-стиль индийские куклы,300.0,https://www.avito.ru/tyumen/chasy_i_ukrasheniya/sergi_etno-stil_indiyskie_kukly_7255860209?slocation=637640&context=H4sIAAAAAAAA_wEmANn_YToxOntzOjE6IngiO3M6MTY6InJoZWZQbzJNcFlySkkzV3YiO31AtXitJgAAAA,17,Тюмень,Секретная полка,,10
"Украшение этно, бохо",860.0,https://www.avito.ru/sergiev_posad/chasy_i_ukrasheniya/ukrashenie_etno_boho_4212553117?slocation=637640&context=H4sIAAAAAAAA_wEmANn_YToxOntzOjE6IngiO3M6MTY6InJoZWZQbzJNcFlySkkzV3YiO31AtXitJgAAAA,116,Сергиево-Посадский г.о.,Алена,,63
Женские украшения,1000.0,https://www.avito.ru/perm/chasy_i_ukrasheniya/zhenskie_ukrasheniya_3861392415?slocation=637640&context=H4sIAAAAAAAA_wEmANn_YToxOntzOjE6IngiO3M6MTY6InJoZWZQbzJNcFlySkkzV3YiO31AtXitJgAAAA,188,Пермь,Анастасия,,18
Этно украшения,400.0,https://www.avito.ru/ufa/chasy_i_ukrasheniya/etno_ukrasheniya_4487001906?slocation=637640&context=H4sIAAAAAAAA_wEmANn_YToxOntzOjE6IngiO3M6MTY6InJoZWZQbzJNcFlySkkzV3YiO31AtXitJgAAAA,178,Уфа,Эля,,13
Украшения из дерева в этническом стиле,300.0,https://www.avito.ru/moskva/chasy_i_ukrasheniya/ukrasheniya_iz_dereva_v_etnicheskom_stile_3633003553?context=H4sIAAAAAAAA_wEmANn_YToxOntzOjE6IngiO3M6MTY6ImN5SzZTbDQwU3JsT1VNWjciO30SEaS2JgAAAA,128,Москва,Юлиана,,20
"Новое этно-украшение, дерево",380.0,https://www.avito.ru/sankt-peterburg/chasy_i_ukrasheniya/novoe_etno-ukrashenie_derevo_1975576083?slocation=637640&context=H4sIAAAAAAAA_wEmANn_YToxOntzOjE6IngiO3M6MTY6ImN5SzZTbDQwU3JsT1VNWjciO30SEaS2JgAAAA,397,Санкт-Петербург,Мария,,77
Этнические кольца,500.0,https://www.avito.ru/sankt-peterburg/odezhda_obuv_aksessuary/etnicheskie_koltsa_4678946461?slocation=637640&context=H4sIAAAAAAAA_wEmANn_YToxOntzOjE6IngiO3M6MTY6ImN5SzZTbDQwU3JsT1VNWjciO30SEaS2JgAAAA,16,Санкт-Петербург,наталья,,188
"Украшения. Колье этно, Бусы",60.0,https://www.avito.ru/suhinichi/chasy_i_ukrasheniya/ukrasheniya._kole_etno_busy_2812496150?slocation=637640&context=H4sIAAAAAAAA_wEmANn_YToxOntzOjE6IngiO3M6MTY6ImN5SzZTbDQwU3JsT1VNWjciO30SEaS2JgAAAA,142,Сухиничский р-н,Светлана,,10
Этно бохо украшения из камней браслеты серьги Перу,700.0,https://www.avito.ru/tambov/chasy_i_ukrasheniya/etno_boho_ukrasheniya_iz_kamney_braslety_sergi_peru_3855490996?slocation=637640&context=H4sIAAAAAAAA_wEmANn_YToxOntzOjE6IngiO3M6MTY6ImN5SzZTbDQwU3JsT1VNWjciO30SEaS2JgAAAA,376,Тамбов,Александра Александровна,,21
Кольца перстни бохо этно реконструкция,1000.0,https://www.avito.ru/sankt-peterburg/chasy_i_ukrasheniya/koltsa_perstni_boho_etno_rekonstruktsiya_4319850452?slocation=637640&context=H4sIAAAAAAAA_wEmANn_YToxOntzOjE6IngiO3M6MTY6ImN5SzZTbDQwU3JsT1VNWjciO30SEaS2JgAAAA,217,Санкт-Петербург,Марьям,,138
Этно бижутерия,150.0,https://www.avito.ru/mahachkala/chasy_i_ukrasheniya/etno_bizhuteriya_2807250247?slocation=637640&context=H4sIAAAAAAAA_wEmANn_YToxOntzOjE6IngiO3M6MTY6ImN5SzZTbDQwU3JsT1VNWjciO30SEaS2JgAAAA,20726,Махачкала,Safa-Shop,,1
Этно украшения,2000.0,https://www.avito.ru/mahachkala/chasy_i_ukrasheniya/etno_ukrasheniya_4298891535?slocation=637640&context=H4sIAAAAAAAA_wEmANn_YToxOntzOjE6IngiO3M6MTY6ImN5SzZTbDQwU3JsT1VNWjciO30SEaS2JgAAAA,243,Махачкала,Bainat,,7
Серьги натуральное дерево этно-стиль,1300.0,https://www.avito.ru/moskva/chasy_i_ukrasheniya/sergi_naturalnoe_derevo_etno-stil_4308867093?context=H4sIAAAAAAAA_wEmANn_YToxOntzOjE6IngiO3M6MTY6ImN5SzZTbDQwU3JsT1VNWjciO30SEaS2JgAAAA,64,Москва,Алексей,,123
Этно украшения,400.0,https://www.avito.ru/dagestan_kizlyar/chasy_i_ukrasheniya/etno_ukrasheniya_2745632089?slocation=637640&context=H4sIAAAAAAAA_wEmANn_YToxOntzOjE6IngiO3M6MTY6ImN5SzZTbDQwU3JsT1VNWjciO30SEaS2JgAAAA,1594,Кизляр,zaynab,,1
Женские украшения,1000.0,https://www.avito.ru/perm/chasy_i_ukrasheniya/zhenskie_ukrasheniya_3861392415?slocation=637640&context=H4sIAAAAAAAA_wEmANn_YToxOntzOjE6IngiO3M6MTY6ImN5SzZTbDQwU3JsT1VNWjciO30SEaS2JgAAAA,188,Пермь,Анастасия,,18
"Украшение этно, бохо",860.0,https://www.avito.ru/sergiev_posad/chasy_i_ukrasheniya/ukrashenie_etno_boho_4212553117?slocation=637640&context=H4sIAAAAAAAA_wEmANn_YToxOntzOjE6IngiO3M6MTY6ImN5SzZTbDQwU3JsT1VNWjciO30SEaS2JgAAAA,116,Сергиево-Посадский г.о.,Алена,,63
Украшения ручной работы,1182.0,https://www.avito.ru/izhevsk/chasy_i_ukrasheniya/ukrasheniya_ruchnoy_raboty_7197470465?slocation=637640&context=H4sIAAAAAAAA_wEmANn_YToxOntzOjE6IngiO3M6MTY6ImN5SzZTbDQwU3JsT1VNWjciO30SEaS2JgAAAA,25,Ижевск,Лилия,,4
Готическое Украшение Бохо Этно Готика чокер,2500.0,https://www.avito.ru/chernogolovka/chasy_i_ukrasheniya/goticheskoe_ukrashenie_boho_etno_gotika_choker_4083854340?slocation=637640&context=H4sIAAAAAAAA_wEmANn_YToxOntzOjE6IngiO3M6MTY6ImN5SzZTbDQwU3JsT1VNWjciO30SEaS2JgAAAA,1232,Черноголовка,FrozenDrop - VelvetCrow,,82
Этно кольца,1400.0,https://www.avito.ru/krasnodar/chasy_i_ukrasheniya/etno_koltsa_3364439329?slocation=637640&context=H4sIAAAAAAAA_wEmANn_YToxOntzOjE6IngiO3M6MTY6ImN5SzZTbDQwU3JsT1VNWjciO30SEaS2JgAAAA,6799,Краснодар,ethno.roots,,19
"Украшение Бохо, Этно",500.0,https://www.avito.ru/korolev/chasy_i_ukrasheniya/ukrashenie_boho_etno_2071164887?slocation=637640&context=H4sIAAAAAAAA_wEmANn_YToxOntzOjE6IngiO3M6MTY6ImN5SzZTbDQwU3JsT1VNWjciO30SEaS2JgAAAA,5425,Королёв,Ларра,,63
Украшения Бижутерия,200.0,https://www.avito.ru/moskva/chasy_i_ukrasheniya/ukrasheniya_bizhuteriya_3453827923?context=H4sIAAAAAAAA_wEmANn_YToxOntzOjE6IngiO3M6MTY6ImN5SzZTbDQwU3JsT1VNWjciO30SEaS2JgAAAA,151,Москва,Татьяна,,59
Винтажная бижутерия из дерева в стиле этно,400.0,https://www.avito.ru/moskva/chasy_i_ukrasheniya/vintazhnaya_bizhuteriya_iz_dereva_v_stile_etno_4581795170?context=H4sIAAAAAAAA_wEmANn_YToxOntzOjE6IngiO3M6MTY6ImN5SzZTbDQwU3JsT1VNWjciO30SEaS2JgAAAA,50,Москва,Елена,,117
Кольцо. Этно украшения в казахском стиле,750.0,https://www.avito.ru/sankt-peterburg/chasy_i_ukrasheniya/koltso._etno_ukrasheniya_v_kazahskom_stile_4898364521?slocation=637640&context=H4sIAAAAAAAA_wEmANn_YToxOntzOjE6IngiO3M6MTY6ImN5SzZTbDQwU3JsT1VNWjciO30SEaS2JgAAAA,170,Санкт-Петербург,Розалия Максутова,,9
Браслет этно,600.0,https://www.avito.ru/tambov/chasy_i_ukrasheniya/braslet_etno_4700500657?slocation=637640&context=H4sIAAAAAAAA_wEmANn_YToxOntzOjE6IngiO3M6MTY6ImN5SzZTbDQwU3JsT1VNWjciO30SEaS2JgAAAA,10,Тамбов,Ольга,,0
Этно украшения,350.0,https://www.avito.ru/mahachkala/chasy_i_ukrasheniya/etno_ukrasheniya_4428867518?slocation=637640&context=H4sIAAAAAAAA_wEmANn_YToxOntzOjE6IngiO3M6MTY6ImN5SzZTbDQwU3JsT1VNWjciO30SEaS2JgAAAA,82,Махачкала,Patya,,5
Этно.Серьги заколка бусы,350.0,https://www.avito.ru/moskva/chasy_i_ukrasheniya/etno.sergi_zakolka_busy_889311941?context=H4sIAAAAAAAA_wEmANn_YToxOntzOjE6IngiO3M6MTY6ImN5SzZTbDQwU3JsT1VNWjciO30SEaS2JgAAAA,1116,Москва,Елена,,112
Кулоны фенечки браслеты этно брошь финифть,350.0,https://www.avito.ru/roslavl/chasy_i_ukrasheniya/kulony_fenechki_braslety_etno_brosh_finift_2476211843?slocation=637640&context=H4sIAAAAAAAA_wEmANn_YToxOntzOjE6IngiO3M6MTY6ImN5SzZTbDQwU3JsT1VNWjciO30SEaS2JgAAAA,787,Рославльский р-н,Autumn,,22
Этно украшения,800.0,https://www.avito.ru/almetevsk/chasy_i_ukrasheniya/etno_ukrasheniya_4253051367?slocation=637640&context=H4sIAAAAAAAA_wEmANn_YToxOntzOjE6IngiO3M6MTY6ImN5SzZTbDQwU3JsT1VNWjciO30SEaS2JgAAAA,172,Альметьевский р-н,Настя Шайдуллина,,15
Тика. Этно украшение на голову,1500.0,https://www.avito.ru/saratov/chasy_i_ukrasheniya/tika._etno_ukrashenie_na_golovu_2936438852?slocation=637640&context=H4sIAAAAAAAA_wEmANn_YToxOntzOjE6IngiO3M6MTY6ImN5SzZTbDQwU3JsT1VNWjciO30SEaS2JgAAAA,1424,Саратов,Sevdigi64,,23
Серьги этно бохо,790.0,https://www.avito.ru/moskva/chasy_i_ukrasheniya/sergi_etno_boho_2932237499?context=H4sIAAAAAAAA_wEmANn_YToxOntzOjE6IngiO3M6MTY6ImN5SzZTbDQwU3JsT1VNWjciO30SEaS2JgAAAA,1948,Москва,Надежда,,1
Этно украшения,550.0,https://www.avito.ru/mahachkala/odezhda_obuv_aksessuary/etno_ukrasheniya_4750210707?slocation=637640&context=H4sIAAAAAAAA_wEmANn_YToxOntzOjE6IngiO3M6MTY6ImN5SzZTbDQwU3JsT1VNWjciO30SEaS2JgAAAA,15,Махачкала,Патя,,1
Украшения ручной работы Этно серьги/кольцо,1700.0,https://www.avito.ru/moskva_zelenograd/chasy_i_ukrasheniya/ukrasheniya_ruchnoy_raboty_etno_sergikoltso_3520481829?slocation=637640&context=H4sIAAAAAAAA_wEmANn_YToxOntzOjE6IngiO3M6MTY6ImN5SzZTbDQwU3JsT1VNWjciO30SEaS2JgAAAA,136,Москва,ArtBijou Натальи Пахомовой,,4
"Браслет в этно - стиле, новый",250.0,https://www.avito.ru/barnaul/chasy_i_ukrasheniya/braslet_v_etno_-_stile_novyy_7210874696?slocation=637640&context=H4sIAAAAAAAA_wEmANn_YToxOntzOjE6IngiO3M6MTY6ImN5SzZTbDQwU3JsT1VNWjciO30SEaS2JgAAAA,43,Барнаул,Карина,,14
Этно украшения,500.0,https://www.avito.ru/cherkessk/chasy_i_ukrasheniya/etno_ukrasheniya_4148949024?slocation=637640&context=H4sIAAAAAAAA_wEmANn_YToxOntzOjE6IngiO3M6MTY6ImN5SzZTbDQwU3JsT1VNWjciO30SEaS2JgAAAA,92,Черкесск,Asia,,1
Этно украшения,350.0,https://www.avito.ru/hasavyurt/chasy_i_ukrasheniya/etno_ukrasheniya_4372105506?slocation=637640&context=H4sIAAAAAAAA_wEmANn_YToxOntzOjE6IngiO3M6MTY6ImN5SzZTbDQwU3JsT1VNWjciO30SEaS2JgAAAA,173,Хасавюрт,Айша,,21
Этно украшения,1000.0,https://www.avito.ru/hasavyurt/chasy_i_ukrasheniya/etno_ukrasheniya_3922767685?slocation=637640&context=H4sIAAAAAAAA_wEmANn_YToxOntzOjE6IngiO3M6MTY6ImN5SzZTbDQwU3JsT1VNWjciO30SEaS2JgAAAA,98,г.о. Хасавюрт,Лана,,5
Этно Броши,350.0,https://www.avito.ru/ufa/odezhda_obuv_aksessuary/etno_broshi_2310581955?slocation=637640&context=H4sIAAAAAAAA_wEmANn_YToxOntzOjE6IngiO3M6MTY6ImN5SzZTbDQwU3JsT1VNWjciO30SEaS2JgAAAA,49,Уфа,Ралина,,19
Глиняное украшения,150.0,https://www.avito.ru/izhevsk/chasy_i_ukrasheniya/glinyanoe_ukrasheniya_2060091318?slocation=637640&context=H4sIAAAAAAAA_wEmANn_YToxOntzOjE6IngiO3M6MTY6ImN5SzZTbDQwU3JsT1VNWjciO30SEaS2JgAAAA,120,Ижевск,Анастасия,,16
Этно браслет с агатами и Мурано,680.0,https://www.avito.ru/moskva/chasy_i_ukrasheniya/etno_braslet_s_agatami_i_murano_3949472952?context=H4sIAAAAAAAA_wEmANn_YToxOntzOjE6IngiO3M6MTY6ImN5SzZTbDQwU3JsT1VNWjciO30SEaS2JgAAAA,124,Москва,УКРАШЕНИЯ,,401
Серьги этно сережки,600.0,https://www.avito.ru/izhevsk/odezhda_obuv_aksessuary/sergi_etno_serezhki_2673351750?slocation=637640&context=H4sIAAAAAAAA_wEmANn_YToxOntzOjE6IngiO3M6MTY6ImN5SzZTbDQwU3JsT1VNWjciO30SEaS2JgAAAA,146,Ижевск,Ольга,,50
Бижутерия украшения разные,250.0,https://www.avito.ru/moskva/chasy_i_ukrasheniya/bizhuteriya_ukrasheniya_raznye_4172523898?context=H4sIAAAAAAAA_wEmANn_YToxOntzOjE6IngiO3M6MTY6ImN5SzZTbDQwU3JsT1VNWjciO30SEaS2JgAAAA,164,Москва,Анюта Мамаева,,11
Этно украшения,100.0,https://www.avito.ru/mahachkala/chasy_i_ukrasheniya/etno_ukrasheniya_3546352578?slocation=637640&context=H4sIAAAAAAAA_wEmANn_YToxOntzOjE6IngiO3M6MTY6ImN5SzZTbDQwU3JsT1VNWjciO30SEaS2JgAAAA,2411,Махачкала,ethno,,217
Украшения этно бохо кулоны,320.0,https://www.avito.ru/sankt-peterburg/chasy_i_ukrasheniya/ukrasheniya_etno_boho_kulony_4446266142?slocation=637640&context=H4sIAAAAAAAA_wEmANn_YToxOntzOjE6IngiO3M6MTY6ImN5SzZTbDQwU3JsT1VNWjciO30SEaS2JgAAAA,258,Санкт-Петербург,Ольга,,211
Суперский комплект украшений бохо серьги подвеска,575.0,https://www.avito.ru/moskva/chasy_i_ukrasheniya/superskiy_komplekt_ukrasheniy_boho_sergi_podveska_4213443913?context=H4sIAAAAAAAA_wEmANn_YToxOntzOjE6IngiO3M6MTY6ImN5SzZTbDQwU3JsT1VNWjciO30SEaS2JgAAAA,1472,Москва,Товары Бохо шик,,1
Этно кольца,500.0,https://www.avito.ru/simferopol/odezhda_obuv_aksessuary/etno_koltsa_4418564654?slocation=637640&context=H4sIAAAAAAAA_wEmANn_YToxOntzOjE6IngiO3M6MTY6ImN5SzZTbDQwU3JsT1VNWjciO30SEaS2JgAAAA,30,Симферополь,El,,5
Шарм пандора 768029cz этно мотив,1000.0,https://www.avito.ru/moskva/chasy_i_ukrasheniya/sharm_pandora_768029cz_etno_motiv_2475871972?context=H4sIAAAAAAAA_wEmANn_YToxOntzOjE6IngiO3M6MTY6ImN5SzZTbDQwU3JsT1VNWjciO30SEaS2JgAAAA,154,Москва,Ирина,,75
Этно украшения,2500.0,https://www.avito.ru/moskva/chasy_i_ukrasheniya/etno_ukrasheniya_3279613772?context=H4sIAAAAAAAA_wEmANn_YToxOntzOjE6IngiO3M6MTY6ImN5SzZTbDQwU3JsT1VNWjciO30SEaS2JgAAAA,935,Москва,Кавказ дело тонкое,,69
Комплект этно украшений в стиле Unode 50,1600.0,https://www.avito.ru/syzran/chasy_i_ukrasheniya/komplekt_etno_ukrasheniy_v_stile_unode_50_4599365488?slocation=637640&context=H4sIAAAAAAAA_wEmANn_YToxOntzOjE6IngiO3M6MTY6ImN5SzZTbDQwU3JsT1VNWjciO30SEaS2JgAAAA,24,Сызрань,Елена,,8
Комплект украшений бохо этно подвеска серьги,575.0,https://www.avito.ru/moskva/chasy_i_ukrasheniya/komplekt_ukrasheniy_boho_etno_podveska_sergi_4181245871?context=H4sIAAAAAAAA_wEmANn_YToxOntzOjE6IngiO3M6MTY6ImN5SzZTbDQwU3JsT1VNWjciO30SEaS2JgAAAA,214,Москва,Товары Бохо шик,,1
Этно украшения,150.0,https://www.avito.ru/mahachkala/chasy_i_ukrasheniya/etno_ukrasheniya_2679276850?slocation=637640&context=H4sIAAAAAAAA_wEmANn_YToxOntzOjE6IngiO3M6MTY6ImN5SzZTbDQwU3JsT1VNWjciO30SEaS2JgAAAA,2049,Махачкала,Safa-Shop,,1
Комплект в этно стиле,1400.0,https://www.avito.ru/moskva/odezhda_obuv_aksessuary/komplekt_v_etno_stile_3958468126?context=H4sIAAAAAAAA_wEmANn_YToxOntzOjE6IngiO3M6MTY6ImN5SzZTbDQwU3JsT1VNWjciO30SEaS2JgAAAA,75,Москва,Руми,,41
Этно украшения,1800.0,https://www.avito.ru/volgograd/chasy_i_ukrasheniya/etno_ukrasheniya_2415883249?slocation=637640&context=H4sIAAAAAAAA_wEmANn_YToxOntzOjE6IngiO3M6MTY6Inhlc215aThKZXFnbmRIQW4iO33KcQgsJgAAAA,409,Волгоград,Серебро и к,,8
Этно украшения,450.0,https://www.avito.ru/astrahan/chasy_i_ukrasheniya/etno_ukrasheniya_3560291204?context=H4sIAAAAAAAA_wEmANn_YToxOntzOjE6IngiO3M6MTY6Inhlc215aThKZXFnbmRIQW4iO33KcQgsJgAAAA,1134,"Астраханская обл., Астрахань, ул. Рылеева, 90",SZ,,1
Этно украшения,680.0,https://www.avito.ru/mahachkala/chasy_i_ukrasheniya/etno_ukrasheniya_3866022727?slocation=637640&context=H4sIAAAAAAAA_wEmANn_YToxOntzOjE6IngiO3M6MTY6Inhlc215aThKZXFnbmRIQW4iO33KcQgsJgAAAA,722,Махачкала,ethno,,217
Бижутерия этно,200.0,https://www.avito.ru/mahachkala/chasy_i_ukrasheniya/bizhuteriya_etno_3866421358?slocation=637640&context=H4sIAAAAAAAA_wEmANn_YToxOntzOjE6IngiO3M6MTY6Inhlc215aThKZXFnbmRIQW4iO33KcQgsJgAAAA,1267,Махачкала,ethno,,217
Этно украшения,150.0,https://www.avito.ru/mahachkala/chasy_i_ukrasheniya/etno_ukrasheniya_7251408529?slocation=637640&context=H4sIAAAAAAAA_wEmANn_YToxOntzOjE6IngiO3M6MTY6Inhlc215aThKZXFnbmRIQW4iO33KcQgsJgAAAA,5,Махачкала,SAFIYA,,50
Этно Бижутерия оптом,150.0,https://www.avito.ru/mahachkala/chasy_i_ukrasheniya/etno_bizhuteriya_optom_2839176304?slocation=637640&context=H4sIAAAAAAAA_wEmANn_YToxOntzOjE6IngiO3M6MTY6Inhlc215aThKZXFnbmRIQW4iO33KcQgsJgAAAA,1077,Махачкала,Safa-Shop,,1
Этно украшения,200.0,https://www.avito.ru/mahachkala/chasy_i_ukrasheniya/etno_ukrasheniya_3866218029?slocation=637640&context=H4sIAAAAAAAA_wEmANn_YToxOntzOjE6IngiO3M6MTY6Inhlc215aThKZXFnbmRIQW4iO33KcQgsJgAAAA,135,Махачкала,ethno,,217
Бижутерия этно,200.0,https://www.avito.ru/mahachkala/chasy_i_ukrasheniya/bizhuteriya_etno_3865822058?slocation=637640&context=H4sIAAAAAAAA_wEmANn_YToxOntzOjE6IngiO3M6MTY6Inhlc215aThKZXFnbmRIQW4iO33KcQgsJgAAAA,372,Махачкала,ethno,,217
Этно украшения,435.0,https://www.avito.ru/obuhovo/chasy_i_ukrasheniya/etno_ukrasheniya_4471075715?context=H4sIAAAAAAAA_wEmANn_YToxOntzOjE6IngiO3M6MTY6Inhlc215aThKZXFnbmRIQW4iO33KcQgsJgAAAA,637,"Московская обл., Богородский г.о., рп. Обухово, ул. Энтузиастов, 9",Асия,,2
Этно украшения,150.0,https://www.avito.ru/mahachkala/chasy_i_ukrasheniya/etno_ukrasheniya_4467695904?slocation=637640&context=H4sIAAAAAAAA_wEmANn_YToxOntzOjE6IngiO3M6MTY6Inhlc215aThKZXFnbmRIQW4iO33KcQgsJgAAAA,329,Махачкала,SAFIYA,,50
Бижутерия этно,50.0,https://www.avito.ru/mahachkala/chasy_i_ukrasheniya/bizhuteriya_etno_3545722687?slocation=637640&context=H4sIAAAAAAAA_wEmANn_YToxOntzOjE6IngiO3M6MTY6Inhlc215aThKZXFnbmRIQW4iO33KcQgsJgAAAA,1159,Махачкала,ethno,,217
Бижутерия этно,160.0,https://www.avito.ru/mahachkala/chasy_i_ukrasheniya/bizhuteriya_etno_3865668465?slocation=637640&context=H4sIAAAAAAAA_wEmANn_YToxOntzOjE6IngiO3M6MTY6Inhlc215aThKZXFnbmRIQW4iO33KcQgsJgAAAA,122,Махачкала,ethno,,217
Этно украшения,600.0,https://www.avito.ru/cherkessk/odezhda_obuv_aksessuary/etno_ukrasheniya_4436869714?slocation=637640&context=H4sIAAAAAAAA_wEmANn_YToxOntzOjE6IngiO3M6MTY6Inhlc215aThKZXFnbmRIQW4iO33KcQgsJgAAAA,4,Черкесск,Asia,,1
Этно украшения,150.0,https://www.avito.ru/mahachkala/chasy_i_ukrasheniya/etno_ukrasheniya_4467879096?slocation=637640&context=H4sIAAAAAAAA_wEmANn_YToxOntzOjE6IngiO3M6MTY6Inhlc215aThKZXFnbmRIQW4iO33KcQgsJgAAAA,295,Махачкала,SAFIYA,,50
Украшение на голову тика,2000.0,https://www.avito.ru/volgograd/odezhda_obuv_aksessuary/ukrashenie_na_golovu_tika_7214288829?slocation=637640&context=H4sIAAAAAAAA_wEmANn_YToxOntzOjE6IngiO3M6MTY6Inhlc215aThKZXFnbmRIQW4iO33KcQgsJgAAAA,134,Волгоград,Мария,,5
Этно украшения,680.0,https://www.avito.ru/mahachkala/chasy_i_ukrasheniya/etno_ukrasheniya_3699995879?slocation=637640&context=H4sIAAAAAAAA_wEmANn_YToxOntzOjE6IngiO3M6MTY6Inhlc215aThKZXFnbmRIQW4iO33KcQgsJgAAAA,1812,Махачкала,SAFIYA,,50
Этно Бижиурии,200.0,https://www.avito.ru/mahachkala/chasy_i_ukrasheniya/etno_bizhiurii_2714155114?slocation=637640&context=H4sIAAAAAAAA_wEmANn_YToxOntzOjE6IngiO3M6MTY6Inhlc215aThKZXFnbmRIQW4iO33KcQgsJgAAAA,7741,Махачкала,ethno,,217
Чокер монисто в этно стиле,700.0,https://www.avito.ru/omsk/odezhda_obuv_aksessuary/choker_monisto_v_etno_stile_4742065446?slocation=637640&context=H4sIAAAAAAAA_wEmANn_YToxOntzOjE6IngiO3M6MTY6Inhlc215aThKZXFnbmRIQW4iO33KcQgsJgAAAA,65,Омск,Оксана,,71
Этно бижутерия,100.0,https://www.avito.ru/mahachkala/chasy_i_ukrasheniya/etno_bizhuteriya_3510851505?slocation=637640&context=H4sIAAAAAAAA_wEmANn_YToxOntzOjE6IngiO3M6MTY6Inhlc215aThKZXFnbmRIQW4iO33KcQgsJgAAAA,1339,Махачкала,Safa-Shop,,1
Этно серьги,500.0,https://www.avito.ru/baksan/chasy_i_ukrasheniya/etno_sergi_4556962060?slocation=637640&context=H4sIAAAAAAAA_wEmANn_YToxOntzOjE6IngiO3M6MTY6Inhlc215aThKZXFnbmRIQW4iO33KcQgsJgAAAA,50,Баксан,Национальные пояса Нальчик Ethnopoyasa Nalchik,,51
Этно украшения,350.0,https://www.avito.ru/ahty/chasy_i_ukrasheniya/etno_ukrasheniya_4498803803?slocation=637640&context=H4sIAAAAAAAA_wEmANn_YToxOntzOjE6IngiO3M6MTY6Inhlc215aThKZXFnbmRIQW4iO33KcQgsJgAAAA,29,Ахтынский р-н,Гуля,,1
Этно украшение с перламутром,300.0,https://www.avito.ru/sankt-peterburg/odezhda_obuv_aksessuary/etno_ukrashenie_s_perlamutrom_1178132793?slocation=637640&context=H4sIAAAAAAAA_wEmANn_YToxOntzOjE6IngiO3M6MTY6Inhlc215aThKZXFnbmRIQW4iO33KcQgsJgAAAA,567,Санкт-Петербург,Марина,,72
"Украшения для дредов и косичек, дредобусины",450.0,https://www.avito.ru/sevastopol/chasy_i_ukrasheniya/ukrasheniya_dlya_dredov_i_kosichek_dredobusiny_4160333874?slocation=637640&context=H4sIAAAAAAAA_wEmANn_YToxOntzOjE6IngiO3M6MTY6Inhlc215aThKZXFnbmRIQW4iO33KcQgsJgAAAA,443,Севастополь,Татьяна SBraids,,29
Серьги новые этно zara,650.0,https://www.avito.ru/astrahan/chasy_i_ukrasheniya/sergi_novye_etno_zara_7233624064?slocation=637640&context=H4sIAAAAAAAA_wEmANn_YToxOntzOjE6IngiO3M6MTY6Inhlc215aThKZXFnbmRIQW4iO33KcQgsJgAAAA,10,Астрахань,Szernom vintage jewelry. Самовывоза нет.,,64
Этно украшения посеребрение,4500.0,https://www.avito.ru/gubden/odezhda_obuv_aksessuary/etno_ukrasheniya_poserebrenie_7242349792?slocation=637640&context=H4sIAAAAAAAA_wEmANn_YToxOntzOjE6IngiO3M6MTY6Inhlc215aThKZXFnbmRIQW4iO33KcQgsJgAAAA,22,Карабудахкентский р-н,Madina gybden Zamuzhem ⚜️,,152
Серьги в этническом стиле,860.0,https://www.avito.ru/barnaul/odezhda_obuv_aksessuary/sergi_v_etnicheskom_stile_7229987449?slocation=637640&context=H4sIAAAAAAAA_wEmANn_YToxOntzOjE6IngiO3M6MTY6Inhlc215aThKZXFnbmRIQW4iO33KcQgsJgAAAA,3,Барнаул,Полина,,0
Браслет из бисера в этно стиле,1000.0,https://www.avito.ru/samara/chasy_i_ukrasheniya/braslet_iz_bisera_v_etno_stile_7240636995?slocation=637640&context=H4sIAAAAAAAA_wEmANn_YToxOntzOjE6IngiO3M6MTY6Inhlc215aThKZXFnbmRIQW4iO33KcQgsJgAAAA,0,Самара,Анастасия,,7
Украшение для волос,1000.0,https://www.avito.ru/orenburg/chasy_i_ukrasheniya/ukrashenie_dlya_volos_2915405766?slocation=637640&context=H4sIAAAAAAAA_wEmANn_YToxOntzOjE6IngiO3M6MTY6Inhlc215aThKZXFnbmRIQW4iO33KcQgsJgAAAA,996,Оренбург,Алёна,,56
Украшение. Подвеска,250.0,https://www.avito.ru/saratov/chasy_i_ukrasheniya/ukrashenie._podveska_7215548758?slocation=637640&context=H4sIAAAAAAAA_wEmANn_YToxOntzOjE6IngiO3M6MTY6Inhlc215aThKZXFnbmRIQW4iO33KcQgsJgAAAA,16,Саратов,Екатерина,,31
"Украшения этно, бохо, натуральные камни",330.0,https://www.avito.ru/sankt-peterburg/odezhda_obuv_aksessuary/ukrasheniya_etno_boho_naturalnye_kamni_3121183622?slocation=637640&context=H4sIAAAAAAAA_wEmANn_YToxOntzOjE6IngiO3M6MTY6Inhlc215aThKZXFnbmRIQW4iO33KcQgsJgAAAA,1037,Санкт-Петербург,Мари Ра,,170
Украшения,70.0,https://www.avito.ru/sankt-peterburg/chasy_i_ukrasheniya/ukrasheniya_7225579316?slocation=637640&context=H4sIAAAAAAAA_wEmANn_YToxOntzOjE6IngiO3M6MTY6Inhlc215aThKZXFnbmRIQW4iO33KcQgsJgAAAA,61,Санкт-Петербург,Оксана,,88
Чакры колье и браслет бохо этно украшения,2590.0,https://www.avito.ru/himki/chasy_i_ukrasheniya/chakry_kole_i_braslet_boho_etno_ukrasheniya_4482905648?slocation=637640&context=H4sIAAAAAAAA_wEmANn_YToxOntzOjE6IngiO3M6MTY6Inhlc215aThKZXFnbmRIQW4iO33KcQgsJgAAAA,118,Химки,Ket Di,,181
"Этно украшения, серебряные изделия",500.0,https://www.avito.ru/mahachkala/chasy_i_ukrasheniya/etno_ukrasheniya_serebryanye_izdeliya_7234199466?context=H4sIAAAAAAAA_wEmANn_YToxOntzOjE6IngiO3M6MTY6Inhlc215aThKZXFnbmRIQW4iO33KcQgsJgAAAA,16,"Республика Дагестан, Махачкала, пр-т Али-Гаджи Акушинского",АМК,,2
Женские браслеты в этническом стиле (башкирские),10.0,https://www.avito.ru/ufa/chasy_i_ukrasheniya/zhenskie_braslety_v_etnicheskom_stile_bashkirskie_3689563625?slocation=637640&context=H4sIAAAAAAAA_wEmANn_YToxOntzOjE6IngiO3M6MTY6Inhlc215aThKZXFnbmRIQW4iO33KcQgsJgAAAA,3158,Уфа,Марфуга,,33
Браслет этно,250.0,https://www.avito.ru/mahachkala/chasy_i_ukrasheniya/braslet_etno_3865867303?slocation=637640&context=H4sIAAAAAAAA_wEmANn_YToxOntzOjE6IngiO3M6MTY6Inhlc215aThKZXFnbmRIQW4iO33KcQgsJgAAAA,836,Махачкала,ethno,,217
"Кольцо, серьги Этно стиль (Испания)",800.0,https://www.avito.ru/moskva/chasy_i_ukrasheniya/koltso_sergi_etno_stil_ispaniya_4664689075?context=H4sIAAAAAAAA_wEmANn_YToxOntzOjE6IngiO3M6MTY6Inhlc215aThKZXFnbmRIQW4iO33KcQgsJgAAAA,67,Москва,Украшения,,1
Водные украшения ручная работа,1300.0,https://www.avito.ru/kazan/chasy_i_ukrasheniya/vodnye_ukrasheniya_ruchnaya_rabota_4615081760?slocation=637640&context=H4sIAAAAAAAA_wEmANn_YToxOntzOjE6IngiO3M6MTY6Inhlc215aThKZXFnbmRIQW4iO33KcQgsJgAAAA,160,Казань,VODA ART,,116
"Кольца, серьги, браслеты в бохо и этно стиле",300.0,https://www.avito.ru/ufa/chasy_i_ukrasheniya/koltsa_sergi_braslety_v_boho_i_etno_stile_3718753775?slocation=637640&context=H4sIAAAAAAAA_wEmANn_YToxOntzOjE6IngiO3M6MTY6Inhlc215aThKZXFnbmRIQW4iO33KcQgsJgAAAA,4186,Уфа,Guzel,,21
Украшения,650.0,https://www.avito.ru/kazan/chasy_i_ukrasheniya/ukrasheniya_3719635853?slocation=637640&context=H4sIAAAAAAAA_wEmANn_YToxOntzOjE6IngiO3M6MTY6Inhlc215aThKZXFnbmRIQW4iO33KcQgsJgAAAA,34,Казань,Гузель,,6
Этно украшения,500.0,https://www.avito.ru/cherkessk/chasy_i_ukrasheniya/etno_ukrasheniya_4117440761?slocation=637640&context=H4sIAAAAAAAA_wEmANn_YToxOntzOjE6IngiO3M6MTY6Inhlc215aThKZXFnbmRIQW4iO33KcQgsJgAAAA,71,Черкесск,Asia,,1
Этно украшения,450.0,https://www.avito.ru/mahachkala/chasy_i_ukrasheniya/etno_ukrasheniya_3700245438?slocation=637640&context=H4sIAAAAAAAA_wEmANn_YToxOntzOjE6IngiO3M6MTY6Inhlc215aThKZXFnbmRIQW4iO33KcQgsJgAAAA,265,Махачкала,SAFIYA,,50
